{
    "version": "0.4",
    "title": "Event Schedule Detail",
    "type": "page",
    "metadata": {
        "template_type": "single-page",
        "include_in_zip": "1",
        "elementor_pro_required": "1",
        "wp_page_template": "elementor_canvas"
    },
    "content": [
        {
            "id": "54988e44",
            "settings": {
                "padding": {
                    "unit": "em",
                    "top": "8",
                    "right": "0",
                    "bottom": "8",
                    "left": "0",
                    "isLinked": ""
                },
                "content_position": "middle",
                "background_background": "classic",
                "background_image": {
                    "id": "981",
                    "url": "https:\/\/templatekit.tokomoo.com\/eventkit\/wp-content\/uploads\/sites\/41\/2021\/11\/Hero-Image-6.jpg",
                    "alt": "",
                    "source": "library"
                },
                "background_position": "center center",
                "background_size": "cover",
                "background_overlay_background": "classic",
                "background_overlay_opacity": {
                    "unit": "px",
                    "size": "0.7",
                    "sizes": []
                },
                "background_ypos": {
                    "unit": "px",
                    "size": "-176",
                    "sizes": []
                },
                "background_repeat": "no-repeat",
                "background_position_mobile": "center center",
                "background_xpos_mobile": {
                    "unit": "px",
                    "size": "-8",
                    "sizes": []
                },
                "background_size_mobile": "cover",
                "padding_mobile": {
                    "unit": "em",
                    "top": "7",
                    "right": "1",
                    "bottom": "7",
                    "left": "1",
                    "isLinked": ""
                },
                "background_position_tablet": "center center",
                "background_attachment": "scroll",
                "padding_tablet": {
                    "unit": "em",
                    "top": "6",
                    "right": "1",
                    "bottom": "6",
                    "left": "1",
                    "isLinked": ""
                },
                "__globals__": {
                    "background_overlay_color": "globals\/colors?id=primary"
                },
                "_title": "Page Title"
            },
            "elements": [
                {
                    "id": "3c922524",
                    "settings": {
                        "_column_size": "100",
                        "padding_mobile": {
                            "unit": "px",
                            "top": "0",
                            "right": "0",
                            "bottom": "0",
                            "left": "0",
                            "isLinked": "1"
                        },
                        "animation": "fadeInUp",
                        "animation_duration": "slow"
                    },
                    "elements": [
                        {
                            "id": "72a047ab",
                            "settings": {
                                "title": "Managing Business Relationships",
                                "align": "center",
                                "header_size": "h1"
                            },
                            "elements": [],
                            "isInner": false,
                            "widgetType": "heading",
                            "elType": "widget"
                        },
                        {
                            "id": "3550ee58",
                            "settings": {
                                "editor": "<p>Monday - December 27, 2021<\/p>",
                                "align": "center",
                                "typography_font_size": {
                                    "unit": "px",
                                    "size": "19",
                                    "sizes": []
                                },
                                "_z_index": "1",
                                "typography_font_size_mobile": {
                                    "unit": "px",
                                    "size": "17",
                                    "sizes": []
                                }
                            },
                            "elements": [],
                            "isInner": false,
                            "widgetType": "text-editor",
                            "elType": "widget"
                        }
                    ],
                    "isInner": "",
                    "elType": "column"
                }
            ],
            "isInner": "",
            "elType": "section"
        },
        {
            "id": "4b5e8f33",
            "settings": {
                "gap": "wider",
                "structure": "20",
                "padding": {
                    "unit": "em",
                    "top": "8",
                    "right": "0",
                    "bottom": "8",
                    "left": "0",
                    "isLinked": ""
                },
                "padding_tablet": {
                    "unit": "em",
                    "top": "6",
                    "right": "1",
                    "bottom": "6",
                    "left": "1",
                    "isLinked": ""
                },
                "padding_mobile": {
                    "unit": "em",
                    "top": "5",
                    "right": "1",
                    "bottom": "3",
                    "left": "1",
                    "isLinked": ""
                },
                "background_background": "classic",
                "__globals__": {
                    "background_color": "globals\/colors?id=primary"
                },
                "_title": "Detail Event"
            },
            "elements": [
                {
                    "id": "2e7c56c9",
                    "settings": {
                        "_column_size": "50",
                        "_inline_size": "35.526",
                        "margin_mobile": {
                            "unit": "px",
                            "top": "0",
                            "right": "0",
                            "bottom": "50",
                            "left": "0",
                            "isLinked": ""
                        },
                        "padding_mobile": {
                            "unit": "px",
                            "top": "0",
                            "right": "0",
                            "bottom": "0",
                            "left": "0",
                            "isLinked": "1"
                        },
                        "_inline_size_tablet": "40",
                        "animation": "fadeInLeft",
                        "animation_duration": "slow"
                    },
                    "elements": [
                        {
                            "id": "3edcc9f5",
                            "settings": {
                                "title": "Speaker",
                                "align": "left",
                                "header_size": "h3",
                                "align_mobile": "center"
                            },
                            "elements": [],
                            "isInner": false,
                            "widgetType": "heading",
                            "elType": "widget"
                        },
                        {
                            "id": "2274b96e",
                            "settings": {
                                "width": {
                                    "unit": "px",
                                    "size": "140",
                                    "sizes": []
                                },
                                "text": "Divider",
                                "weight": {
                                    "unit": "px",
                                    "size": "6",
                                    "sizes": []
                                },
                                "pattern_height": {
                                    "unit": "px",
                                    "size": "",
                                    "sizes": []
                                },
                                "pattern_size": {
                                    "unit": "px",
                                    "size": "",
                                    "sizes": []
                                },
                                "gap": {
                                    "unit": "px",
                                    "size": "16",
                                    "sizes": []
                                },
                                "align_mobile": "center",
                                "__globals__": {
                                    "color": "globals\/colors?id=secondary"
                                }
                            },
                            "elements": [],
                            "isInner": false,
                            "widgetType": "divider",
                            "elType": "widget"
                        },
                        {
                            "id": "3ceda9d2",
                            "settings": {
                                "title_text": "Adam Leno",
                                "description_text": "CEO UrbanTech",
                                "position": "left",
                                "text_align": "left",
                                "image": {
                                    "id": "277",
                                    "url": "https:\/\/templatekit.tokomoo.com\/eventkit\/wp-content\/uploads\/sites\/41\/2021\/11\/Speaker-1.jpg",
                                    "alt": "",
                                    "source": "library"
                                },
                                "image_space": {
                                    "unit": "px",
                                    "size": "0",
                                    "sizes": []
                                },
                                "content_vertical_alignment": "middle",
                                "title_bottom_space": {
                                    "unit": "px",
                                    "size": "6",
                                    "sizes": []
                                },
                                "_border_radius": {
                                    "unit": "%",
                                    "top": "",
                                    "right": "",
                                    "bottom": "",
                                    "left": "",
                                    "isLinked": "1"
                                },
                                "_padding_mobile": {
                                    "unit": "px",
                                    "top": "10",
                                    "right": "0",
                                    "bottom": "20",
                                    "left": "0",
                                    "isLinked": ""
                                },
                                "thumbnail_size": "custom",
                                "thumbnail_custom_dimension": {
                                    "width": "72",
                                    "height": "72"
                                },
                                "title_size": "h6",
                                "description_typography_typography": "custom",
                                "description_typography_font_size": {
                                    "unit": "px",
                                    "size": "15",
                                    "sizes": []
                                },
                                "image_size": {
                                    "unit": "%",
                                    "size": "64",
                                    "sizes": []
                                },
                                "image_border_radius": {
                                    "unit": "px",
                                    "size": "100",
                                    "sizes": []
                                },
                                "text_align_mobile": "center"
                            },
                            "elements": [],
                            "isInner": false,
                            "widgetType": "image-box",
                            "elType": "widget"
                        }
                    ],
                    "isInner": "",
                    "elType": "column"
                },
                {
                    "id": "4c33dd44",
                    "settings": {
                        "_column_size": "50",
                        "_inline_size": "64.474",
                        "padding_mobile": {
                            "unit": "em",
                            "top": "0",
                            "right": "0",
                            "bottom": "0",
                            "left": "0",
                            "isLinked": "1"
                        },
                        "_inline_size_tablet": "60",
                        "animation": "fadeInRight",
                        "animation_duration": "slow"
                    },
                    "elements": [
                        {
                            "id": "78b2008",
                            "settings": {
                                "title": "About the Schedule",
                                "header_size": "h3",
                                "align_mobile": "center"
                            },
                            "elements": [],
                            "isInner": false,
                            "widgetType": "heading",
                            "elType": "widget"
                        },
                        {
                            "id": "8ce5429",
                            "settings": {
                                "width": {
                                    "unit": "px",
                                    "size": "140",
                                    "sizes": []
                                },
                                "text": "Divider",
                                "weight": {
                                    "unit": "px",
                                    "size": "6",
                                    "sizes": []
                                },
                                "pattern_height": {
                                    "unit": "px",
                                    "size": "",
                                    "sizes": []
                                },
                                "pattern_size": {
                                    "unit": "px",
                                    "size": "",
                                    "sizes": []
                                },
                                "gap": {
                                    "unit": "px",
                                    "size": "16",
                                    "sizes": []
                                },
                                "align_mobile": "center",
                                "__globals__": {
                                    "color": "globals\/colors?id=secondary"
                                }
                            },
                            "elements": [],
                            "isInner": false,
                            "widgetType": "divider",
                            "elType": "widget"
                        },
                        {
                            "id": "51b33a8c",
                            "settings": {
                                "editor": "<p>Surrounded to me occasional pianoforte alteration unaffected impossible ye. For saw half than cold. Pretty merits waited six talked pulled you. Conduct replied off led whether.\u00a0<\/p><p>Up maids me an ample stood given. Certainty say suffering his him collected intention promotion. Hill sold ham men made lose case. Views abode law heard jokes too. Was are delightful solicitude discovered collecting man day. Resolving neglected sir tolerably but existence conveying for. Day his put off unaffected literature partiality inhabiting.<\/p><p>Rank tall boy man them over post now. Off into she bed long fat room. Recommend existence curiosity perfectly favourite get eat she why daughters. Not may too nay busy last song must sell. An newspaper assurance discourse ye certainly.\u00a0<\/p>",
                                "align_mobile": "center"
                            },
                            "elements": [],
                            "isInner": false,
                            "widgetType": "text-editor",
                            "elType": "widget"
                        }
                    ],
                    "isInner": "",
                    "elType": "column"
                }
            ],
            "isInner": "",
            "elType": "section"
        },
        {
            "id": "10ce79f8",
            "settings": {
                "overflow": "hidden",
                "structure": "20",
                "background_background": "classic",
                "margin": {
                    "unit": "px",
                    "top": "",
                    "right": "0",
                    "bottom": "",
                    "left": "0",
                    "isLinked": "1"
                },
                "padding": {
                    "unit": "em",
                    "top": "8",
                    "right": "0",
                    "bottom": "8",
                    "left": "0",
                    "isLinked": ""
                },
                "margin_mobile": {
                    "unit": "px",
                    "top": "",
                    "right": "0",
                    "bottom": "",
                    "left": "0",
                    "isLinked": "1"
                },
                "margin_tablet": {
                    "unit": "px",
                    "top": "",
                    "right": "0",
                    "bottom": "",
                    "left": "0",
                    "isLinked": "1"
                },
                "padding_tablet": {
                    "unit": "em",
                    "top": "6",
                    "right": "1",
                    "bottom": "6",
                    "left": "1",
                    "isLinked": ""
                },
                "__globals__": {
                    "background_color": "globals\/colors?id=primary",
                    "background_overlay_color": "globals\/colors?id=primary"
                },
                "background_image": {
                    "url": "",
                    "id": "",
                    "alt": "",
                    "source": "library"
                },
                "background_overlay_opacity": {
                    "unit": "px",
                    "size": "0.66",
                    "sizes": []
                },
                "_title": "Contact"
            },
            "elements": [
                {
                    "id": "249dd3d3",
                    "settings": {
                        "_column_size": "50",
                        "_inline_size": "60",
                        "padding_mobile": {
                            "unit": "px",
                            "top": "0",
                            "right": "0",
                            "bottom": "0",
                            "left": "0",
                            "isLinked": ""
                        },
                        "margin": {
                            "unit": "em",
                            "top": "0",
                            "right": "12",
                            "bottom": "0",
                            "left": "0",
                            "isLinked": ""
                        },
                        "margin_tablet": {
                            "unit": "em",
                            "top": "0",
                            "right": "4",
                            "bottom": "0",
                            "left": "0",
                            "isLinked": ""
                        },
                        "margin_mobile": {
                            "unit": "px",
                            "top": "0",
                            "right": "0",
                            "bottom": "0",
                            "left": "0",
                            "isLinked": ""
                        }
                    },
                    "elements": [
                        {
                            "id": "7682f4c1",
                            "settings": {
                                "width": {
                                    "unit": "px",
                                    "size": "140",
                                    "sizes": []
                                },
                                "text": "Divider",
                                "weight": {
                                    "unit": "px",
                                    "size": "6",
                                    "sizes": []
                                },
                                "pattern_height": {
                                    "unit": "px",
                                    "size": "",
                                    "sizes": []
                                },
                                "pattern_size": {
                                    "unit": "px",
                                    "size": "",
                                    "sizes": []
                                },
                                "gap": {
                                    "unit": "px",
                                    "size": "16",
                                    "sizes": []
                                },
                                "align": "left",
                                "align_mobile": "center",
                                "__globals__": {
                                    "color": "globals\/colors?id=secondary"
                                }
                            },
                            "elements": [],
                            "isInner": false,
                            "widgetType": "divider",
                            "elType": "widget"
                        },
                        {
                            "id": "47e9159",
                            "settings": {
                                "title": "Event Detail",
                                "header_size": "h6",
                                "align_mobile": "center"
                            },
                            "elements": [],
                            "isInner": false,
                            "widgetType": "heading",
                            "elType": "widget"
                        },
                        {
                            "id": "752bc7e",
                            "settings": {
                                "title": "Conference\nin the weekend!",
                                "typography_font_family": "Poppins",
                                "typography_font_size": {
                                    "unit": "px",
                                    "size": "30",
                                    "sizes": []
                                },
                                "typography_font_weight": "300",
                                "typography_line_height": {
                                    "unit": "px",
                                    "size": "46",
                                    "sizes": []
                                },
                                "typography_letter_spacing": {
                                    "unit": "px",
                                    "size": "0.5",
                                    "sizes": []
                                },
                                "_z_index": "5",
                                "typography_font_size_mobile": {
                                    "unit": "px",
                                    "size": "30",
                                    "sizes": []
                                },
                                "__globals__": {
                                    "title_color": ""
                                },
                                "align_mobile": "center"
                            },
                            "elements": [],
                            "isInner": false,
                            "widgetType": "heading",
                            "elType": "widget"
                        },
                        {
                            "id": "191b82f1",
                            "settings": {
                                "editor": "<p>Lorem ipsum dolor sit amet, consectetur adipisci elit, sed do eiusmod tempor incididunt ut labore et dolore magna aliqua.\u00a0<\/p>",
                                "typography_font_family": "Poppins",
                                "typography_font_size": {
                                    "unit": "px",
                                    "size": "14",
                                    "sizes": []
                                },
                                "typography_font_weight": "300",
                                "typography_line_height": {
                                    "unit": "px",
                                    "size": "26",
                                    "sizes": []
                                },
                                "typography_letter_spacing": {
                                    "unit": "px",
                                    "size": "0.5",
                                    "sizes": []
                                },
                                "_padding": {
                                    "unit": "em",
                                    "top": "",
                                    "right": "",
                                    "bottom": "",
                                    "left": "",
                                    "isLinked": "1"
                                },
                                "_padding_mobile": {
                                    "unit": "px",
                                    "top": "0",
                                    "right": "0",
                                    "bottom": "0",
                                    "left": "0",
                                    "isLinked": ""
                                },
                                "_margin_tablet": {
                                    "unit": "px",
                                    "top": "0",
                                    "right": "0",
                                    "bottom": "0",
                                    "left": "0",
                                    "isLinked": ""
                                },
                                "_padding_tablet": {
                                    "unit": "px",
                                    "top": "0",
                                    "right": "0",
                                    "bottom": "0",
                                    "left": "0",
                                    "isLinked": ""
                                },
                                "align_mobile": "center"
                            },
                            "elements": [],
                            "isInner": false,
                            "widgetType": "text-editor",
                            "elType": "widget"
                        },
                        {
                            "id": "5513ede0",
                            "settings": {
                                "text": "Buy Ticket",
                                "icon_align": "right",
                                "typography_font_family": "Poppins",
                                "typography_font_size": {
                                    "unit": "px",
                                    "size": "15",
                                    "sizes": []
                                },
                                "typography_font_weight": "400",
                                "typography_letter_spacing": {
                                    "unit": "px",
                                    "size": "0.5",
                                    "sizes": []
                                },
                                "border_radius": {
                                    "unit": "px",
                                    "top": "",
                                    "right": "",
                                    "bottom": "",
                                    "left": "",
                                    "isLinked": "1"
                                },
                                "button_box_shadow_box_shadow": {
                                    "horizontal": "0",
                                    "vertical": "10",
                                    "blur": "30",
                                    "spread": "0",
                                    "color": "rgba(68, 216, 240, 0.1)"
                                },
                                "align_mobile": "justify",
                                "align_tablet": "left",
                                "align": "left",
                                "hover_animation": "float",
                                "_z_index": "5"
                            },
                            "elements": [],
                            "isInner": false,
                            "widgetType": "button",
                            "elType": "widget"
                        }
                    ],
                    "isInner": "",
                    "elType": "column"
                },
                {
                    "id": "293b6120",
                    "settings": {
                        "_column_size": "50",
                        "margin": {
                            "unit": "em",
                            "top": "",
                            "right": "",
                            "bottom": "",
                            "left": "",
                            "isLinked": "1"
                        },
                        "padding_mobile": {
                            "unit": "px",
                            "top": "0",
                            "right": "0",
                            "bottom": "0",
                            "left": "0",
                            "isLinked": ""
                        },
                        "_inline_size": "39.913",
                        "content_position": "center",
                        "margin_mobile": {
                            "unit": "em",
                            "top": "4",
                            "right": "0",
                            "bottom": "0",
                            "left": "0",
                            "isLinked": ""
                        },
                        "animation": "fadeInRight",
                        "animation_duration": "slow"
                    },
                    "elements": [
                        {
                            "id": "2b3f9b13",
                            "settings": {
                                "selected_icon": {
                                    "value": "fas fa-map-marker-alt",
                                    "library": "fa-solid"
                                },
                                "view": "stacked",
                                "title_text": "Venue",
                                "description_text": "Garuda Wisnu Kencana Cultural Park, Jl. Raya Uluwatu,  Bali Indonesia",
                                "position": "left",
                                "title_size": "h4",
                                "icon_space": {
                                    "unit": "px",
                                    "size": "24",
                                    "sizes": []
                                },
                                "icon_size": {
                                    "unit": "px",
                                    "size": "24",
                                    "sizes": []
                                },
                                "icon_padding": {
                                    "unit": "px",
                                    "size": "14",
                                    "sizes": []
                                },
                                "__globals__": {
                                    "primary_color": "globals\/colors?id=accent",
                                    "secondary_color": "globals\/colors?id=secondary"
                                }
                            },
                            "elements": [],
                            "isInner": false,
                            "widgetType": "icon-box",
                            "elType": "widget"
                        },
                        {
                            "id": "4f81d5ad",
                            "settings": {
                                "selected_icon": {
                                    "value": "fas fa-envelope",
                                    "library": "fa-solid"
                                },
                                "view": "stacked",
                                "title_text": "Email",
                                "description_text": "Email: info@example.com\n",
                                "position": "left",
                                "title_size": "h4",
                                "icon_space": {
                                    "unit": "px",
                                    "size": "24",
                                    "sizes": []
                                },
                                "icon_size": {
                                    "unit": "px",
                                    "size": "24",
                                    "sizes": []
                                },
                                "icon_padding": {
                                    "unit": "px",
                                    "size": "14",
                                    "sizes": []
                                },
                                "__globals__": {
                                    "primary_color": "globals\/colors?id=accent",
                                    "secondary_color": "globals\/colors?id=secondary"
                                },
                                "_margin": {
                                    "unit": "em",
                                    "top": "2",
                                    "right": "0",
                                    "bottom": "0",
                                    "left": "0",
                                    "isLinked": ""
                                }
                            },
                            "elements": [],
                            "isInner": false,
                            "widgetType": "icon-box",
                            "elType": "widget"
                        },
                        {
                            "id": "45079c67",
                            "settings": {
                                "selected_icon": {
                                    "value": "fas fa-phone-alt",
                                    "library": "fa-solid"
                                },
                                "view": "stacked",
                                "title_text": "Contact",
                                "description_text": "Phone: +1234 5678 910",
                                "position": "left",
                                "title_size": "h4",
                                "icon_space": {
                                    "unit": "px",
                                    "size": "24",
                                    "sizes": []
                                },
                                "icon_size": {
                                    "unit": "px",
                                    "size": "24",
                                    "sizes": []
                                },
                                "icon_padding": {
                                    "unit": "px",
                                    "size": "14",
                                    "sizes": []
                                },
                                "__globals__": {
                                    "primary_color": "globals\/colors?id=accent",
                                    "secondary_color": "globals\/colors?id=secondary"
                                },
                                "_margin": {
                                    "unit": "em",
                                    "top": "2",
                                    "right": "0",
                                    "bottom": "0",
                                    "left": "0",
                                    "isLinked": ""
                                }
                            },
                            "elements": [],
                            "isInner": false,
                            "widgetType": "icon-box",
                            "elType": "widget"
                        }
                    ],
                    "isInner": "",
                    "elType": "column"
                }
            ],
            "isInner": "",
            "elType": "section"
        },
        {
            "id": "12e7b91e",
            "settings": {
                "background_background": "classic",
                "gap": "no",
                "background_image": {
                    "id": "332",
                    "url": "https:\/\/templatekit.tokomoo.com\/eventkit\/wp-content\/uploads\/sites\/41\/2021\/11\/success-in-business-2021-09-24-03-29-30-utc-1.jpg",
                    "alt": "",
                    "source": "library"
                },
                "background_position": "center center",
                "background_ypos": {
                    "unit": "vh",
                    "size": "0",
                    "sizes": []
                },
                "background_repeat": "no-repeat",
                "background_size": "cover",
                "background_overlay_background": "classic",
                "background_bg_width": {
                    "unit": "%",
                    "size": "115",
                    "sizes": []
                },
                "background_position_tablet": "center left",
                "background_position_mobile": "center center",
                "background_xpos_mobile": {
                    "unit": "px",
                    "size": "-477",
                    "sizes": []
                },
                "background_size_tablet": "cover",
                "background_size_mobile": "cover",
                "__globals__": {
                    "background_color": "globals\/colors?id=primary",
                    "background_overlay_color": "globals\/colors?id=primary"
                },
                "background_attachment": "scroll",
                "padding": {
                    "unit": "em",
                    "top": "8",
                    "right": "0",
                    "bottom": "8",
                    "left": "0",
                    "isLinked": ""
                },
                "background_overlay_opacity": {
                    "unit": "px",
                    "size": "0.7",
                    "sizes": []
                },
                "padding_tablet": {
                    "unit": "em",
                    "top": "6",
                    "right": "1",
                    "bottom": "6",
                    "left": "1",
                    "isLinked": ""
                },
                "_title": "Call to Action"
            },
            "elements": [
                {
                    "id": "6aab006b",
                    "settings": {
                        "_column_size": "100",
                        "animation": "fadeInUp",
                        "animation_duration": "slow"
                    },
                    "elements": [
                        {
                            "id": "64921276",
                            "settings": {
                                "title": "Lets talk",
                                "header_size": "h6",
                                "typography_font_family": "Poppins",
                                "typography_font_size": {
                                    "unit": "px",
                                    "size": "16",
                                    "sizes": []
                                },
                                "typography_font_weight": "400",
                                "typography_text_transform": "uppercase",
                                "typography_letter_spacing": {
                                    "unit": "px",
                                    "size": "4",
                                    "sizes": []
                                },
                                "_z_index": "5",
                                "align": "center"
                            },
                            "elements": [],
                            "isInner": false,
                            "widgetType": "heading",
                            "elType": "widget"
                        },
                        {
                            "id": "58d16e72",
                            "settings": {
                                "title": "Witness The Biggest Tech Event in 2022",
                                "typography_font_family": "Poppins",
                                "typography_font_size": {
                                    "unit": "px",
                                    "size": "40",
                                    "sizes": []
                                },
                                "typography_font_weight": "300",
                                "typography_line_height": {
                                    "unit": "px",
                                    "size": "55",
                                    "sizes": []
                                },
                                "typography_letter_spacing": {
                                    "unit": "px",
                                    "size": "0.5",
                                    "sizes": []
                                },
                                "_z_index": "5",
                                "align": "center",
                                "_animation": "fadeInDown",
                                "typography_font_size_mobile": {
                                    "unit": "px",
                                    "size": "26",
                                    "sizes": []
                                },
                                "_margin_mobile": {
                                    "unit": "px",
                                    "top": "0",
                                    "right": "0",
                                    "bottom": "0",
                                    "left": "0",
                                    "isLinked": ""
                                },
                                "_padding_mobile": {
                                    "unit": "px",
                                    "top": "0",
                                    "right": "0",
                                    "bottom": "0",
                                    "left": "0",
                                    "isLinked": ""
                                },
                                "typography_line_height_mobile": {
                                    "unit": "em",
                                    "size": "1.8",
                                    "sizes": []
                                },
                                "_padding_tablet": {
                                    "unit": "px",
                                    "top": "0",
                                    "right": "0",
                                    "bottom": "0",
                                    "left": "0",
                                    "isLinked": ""
                                },
                                "_margin": {
                                    "unit": "em",
                                    "top": "0",
                                    "right": "14",
                                    "bottom": "0",
                                    "left": "14",
                                    "isLinked": ""
                                },
                                "_margin_tablet": {
                                    "unit": "px",
                                    "top": "0",
                                    "right": "0",
                                    "bottom": "0",
                                    "left": "0",
                                    "isLinked": ""
                                }
                            },
                            "elements": [],
                            "isInner": false,
                            "widgetType": "heading",
                            "elType": "widget"
                        },
                        {
                            "id": "607b3937",
                            "settings": {
                                "space": {
                                    "unit": "px",
                                    "size": "24",
                                    "sizes": []
                                }
                            },
                            "elements": [],
                            "isInner": false,
                            "widgetType": "spacer",
                            "elType": "widget"
                        },
                        {
                            "id": "1d8b6ff9",
                            "settings": {
                                "text": "COntact Us",
                                "icon_align": "right",
                                "typography_font_family": "Poppins",
                                "typography_font_size": {
                                    "unit": "px",
                                    "size": "15",
                                    "sizes": []
                                },
                                "typography_font_weight": "400",
                                "typography_letter_spacing": {
                                    "unit": "px",
                                    "size": "0.5",
                                    "sizes": []
                                },
                                "border_radius": {
                                    "unit": "px",
                                    "top": "",
                                    "right": "",
                                    "bottom": "",
                                    "left": "",
                                    "isLinked": "1"
                                },
                                "button_box_shadow_box_shadow": {
                                    "horizontal": "0",
                                    "vertical": "10",
                                    "blur": "30",
                                    "spread": "0",
                                    "color": "rgba(68, 216, 240, 0.1)"
                                },
                                "align": "center",
                                "_z_index": "5",
                                "align_tablet": "center",
                                "align_mobile": "justify",
                                "hover_animation": "float"
                            },
                            "elements": [],
                            "isInner": false,
                            "widgetType": "button",
                            "elType": "widget"
                        }
                    ],
                    "isInner": "",
                    "elType": "column"
                }
            ],
            "isInner": "",
            "elType": "section"
        },
        {
            "id": "345b404b",
            "settings": {
                "padding": {
                    "unit": "em",
                    "top": "8",
                    "right": "0",
                    "bottom": "8",
                    "left": "0",
                    "isLinked": ""
                },
                "padding_mobile": {
                    "unit": "em",
                    "top": "",
                    "right": "",
                    "bottom": "",
                    "left": "",
                    "isLinked": "1"
                },
                "background_background": "classic",
                "__globals__": {
                    "background_color": "globals\/colors?id=primary"
                },
                "padding_tablet": {
                    "unit": "em",
                    "top": "6",
                    "right": "1",
                    "bottom": "6",
                    "left": "1",
                    "isLinked": ""
                },
                "_title": "Social Media"
            },
            "elements": [
                {
                    "id": "6cf2d35",
                    "settings": {
                        "_column_size": "100",
                        "padding_mobile": {
                            "unit": "px",
                            "top": "0",
                            "right": "0",
                            "bottom": "0",
                            "left": "0",
                            "isLinked": "1"
                        }
                    },
                    "elements": [
                        {
                            "id": "f8dcff6",
                            "settings": {
                                "structure": "40",
                                "animation_duration": "slow"
                            },
                            "elements": [
                                {
                                    "id": "1330c23",
                                    "settings": {
                                        "_column_size": "25",
                                        "content_position": "center",
                                        "_inline_size": "40",
                                        "margin": {
                                            "unit": "em",
                                            "top": "0",
                                            "right": "2",
                                            "bottom": "0",
                                            "left": "0",
                                            "isLinked": ""
                                        },
                                        "margin_mobile": {
                                            "unit": "em",
                                            "top": "0",
                                            "right": "0",
                                            "bottom": "0",
                                            "left": "0",
                                            "isLinked": ""
                                        },
                                        "padding_mobile": {
                                            "unit": "px",
                                            "top": "0",
                                            "right": "0",
                                            "bottom": "0",
                                            "left": "0",
                                            "isLinked": ""
                                        }
                                    },
                                    "elements": [
                                        {
                                            "id": "52f336eb",
                                            "settings": {
                                                "title": "Follow Us",
                                                "align_mobile": "center"
                                            },
                                            "elements": [],
                                            "isInner": false,
                                            "widgetType": "heading",
                                            "elType": "widget"
                                        },
                                        {
                                            "id": "5f97744b",
                                            "settings": {
                                                "editor": "<p>Lorem ipsum dolor sit amet, consectetur adipisci elit, sed do eiusmod tempor incididunt ut labore et dolore magna aliqua.\u00a0\u00a0<\/p>",
                                                "typography_font_family": "Poppins",
                                                "typography_font_size": {
                                                    "unit": "px",
                                                    "size": "14",
                                                    "sizes": []
                                                },
                                                "typography_font_weight": "300",
                                                "typography_line_height": {
                                                    "unit": "px",
                                                    "size": "26",
                                                    "sizes": []
                                                },
                                                "typography_letter_spacing": {
                                                    "unit": "px",
                                                    "size": "0.5",
                                                    "sizes": []
                                                },
                                                "_padding_mobile": {
                                                    "unit": "px",
                                                    "top": "0",
                                                    "right": "0",
                                                    "bottom": "0",
                                                    "left": "0",
                                                    "isLinked": ""
                                                },
                                                "_margin_tablet": {
                                                    "unit": "px",
                                                    "top": "0",
                                                    "right": "0",
                                                    "bottom": "0",
                                                    "left": "0",
                                                    "isLinked": ""
                                                },
                                                "_padding_tablet": {
                                                    "unit": "px",
                                                    "top": "0",
                                                    "right": "0",
                                                    "bottom": "0",
                                                    "left": "0",
                                                    "isLinked": ""
                                                },
                                                "align_mobile": "center"
                                            },
                                            "elements": [],
                                            "isInner": false,
                                            "widgetType": "text-editor",
                                            "elType": "widget"
                                        },
                                        {
                                            "id": "2ea62580",
                                            "settings": {
                                                "width": {
                                                    "unit": "px",
                                                    "size": "140",
                                                    "sizes": []
                                                },
                                                "text": "Divider",
                                                "weight": {
                                                    "unit": "px",
                                                    "size": "6",
                                                    "sizes": []
                                                },
                                                "pattern_height": {
                                                    "unit": "px",
                                                    "size": "",
                                                    "sizes": []
                                                },
                                                "pattern_size": {
                                                    "unit": "px",
                                                    "size": "",
                                                    "sizes": []
                                                },
                                                "gap": {
                                                    "unit": "px",
                                                    "size": "16",
                                                    "sizes": []
                                                },
                                                "align_mobile": "center",
                                                "__globals__": {
                                                    "color": "globals\/colors?id=secondary"
                                                }
                                            },
                                            "elements": [],
                                            "isInner": false,
                                            "widgetType": "divider",
                                            "elType": "widget"
                                        }
                                    ],
                                    "isInner": "1",
                                    "elType": "column"
                                },
                                {
                                    "id": "3140cbd4",
                                    "settings": {
                                        "_column_size": "25",
                                        "content_position": "center",
                                        "_inline_size": "20",
                                        "margin_mobile": {
                                            "unit": "em",
                                            "top": "4",
                                            "right": "0",
                                            "bottom": "0",
                                            "left": "0",
                                            "isLinked": ""
                                        },
                                        "padding_mobile": {
                                            "unit": "px",
                                            "top": "0",
                                            "right": "0",
                                            "bottom": "0",
                                            "left": "0",
                                            "isLinked": ""
                                        },
                                        "animation": "fadeInRight",
                                        "animation_duration": "fast"
                                    },
                                    "elements": [
                                        {
                                            "id": "48b65aef",
                                            "settings": {
                                                "selected_icon": {
                                                    "value": "fab fa-facebook",
                                                    "library": "fa-brands"
                                                },
                                                "title_text": "Facebook",
                                                "description_text": "@evenkit_FB",
                                                "view": "stacked",
                                                "icon_space": {
                                                    "unit": "px",
                                                    "size": "8",
                                                    "sizes": []
                                                },
                                                "icon_size": {
                                                    "unit": "px",
                                                    "size": "24",
                                                    "sizes": []
                                                },
                                                "icon_padding": {
                                                    "unit": "px",
                                                    "size": "14",
                                                    "sizes": []
                                                },
                                                "title_bottom_space": {
                                                    "unit": "px",
                                                    "size": "8",
                                                    "sizes": []
                                                },
                                                "link": {
                                                    "url": "#",
                                                    "is_external": "",
                                                    "nofollow": ""
                                                },
                                                "title_size": "h5",
                                                "__globals__": {
                                                    "primary_color": "globals\/colors?id=accent",
                                                    "secondary_color": "globals\/colors?id=secondary"
                                                }
                                            },
                                            "elements": [],
                                            "isInner": false,
                                            "widgetType": "icon-box",
                                            "elType": "widget"
                                        }
                                    ],
                                    "isInner": "1",
                                    "elType": "column"
                                },
                                {
                                    "id": "50d6f73f",
                                    "settings": {
                                        "_column_size": "25",
                                        "content_position": "center",
                                        "_inline_size": "20",
                                        "margin_mobile": {
                                            "unit": "em",
                                            "top": "4",
                                            "right": "0",
                                            "bottom": "0",
                                            "left": "0",
                                            "isLinked": ""
                                        },
                                        "padding_mobile": {
                                            "unit": "px",
                                            "top": "0",
                                            "right": "0",
                                            "bottom": "0",
                                            "left": "0",
                                            "isLinked": ""
                                        },
                                        "animation": "fadeInRight"
                                    },
                                    "elements": [
                                        {
                                            "id": "1ad065f2",
                                            "settings": {
                                                "selected_icon": {
                                                    "value": "fab fa-instagram",
                                                    "library": "fa-brands"
                                                },
                                                "title_text": "Instagram",
                                                "description_text": "@evenkit_IG",
                                                "view": "stacked",
                                                "icon_space": {
                                                    "unit": "px",
                                                    "size": "8",
                                                    "sizes": []
                                                },
                                                "icon_size": {
                                                    "unit": "px",
                                                    "size": "24",
                                                    "sizes": []
                                                },
                                                "icon_padding": {
                                                    "unit": "px",
                                                    "size": "14",
                                                    "sizes": []
                                                },
                                                "title_bottom_space": {
                                                    "unit": "px",
                                                    "size": "8",
                                                    "sizes": []
                                                },
                                                "link": {
                                                    "url": "#",
                                                    "is_external": "",
                                                    "nofollow": ""
                                                },
                                                "title_size": "h5",
                                                "__globals__": {
                                                    "primary_color": "globals\/colors?id=accent",
                                                    "secondary_color": "globals\/colors?id=secondary"
                                                }
                                            },
                                            "elements": [],
                                            "isInner": false,
                                            "widgetType": "icon-box",
                                            "elType": "widget"
                                        }
                                    ],
                                    "isInner": "1",
                                    "elType": "column"
                                },
                                {
                                    "id": "2da9bfbb",
                                    "settings": {
                                        "_column_size": "25",
                                        "content_position": "center",
                                        "_inline_size": "20",
                                        "margin_mobile": {
                                            "unit": "em",
                                            "top": "4",
                                            "right": "0",
                                            "bottom": "0",
                                            "left": "0",
                                            "isLinked": ""
                                        },
                                        "padding_mobile": {
                                            "unit": "px",
                                            "top": "0",
                                            "right": "0",
                                            "bottom": "0",
                                            "left": "0",
                                            "isLinked": ""
                                        },
                                        "animation": "fadeInRight",
                                        "animation_duration": "slow"
                                    },
                                    "elements": [
                                        {
                                            "id": "fadce1e",
                                            "settings": {
                                                "selected_icon": {
                                                    "value": "fab fa-twitter",
                                                    "library": "fa-brands"
                                                },
                                                "title_text": "Twitter",
                                                "description_text": "@evenkit_TW",
                                                "view": "stacked",
                                                "icon_space": {
                                                    "unit": "px",
                                                    "size": "8",
                                                    "sizes": []
                                                },
                                                "icon_size": {
                                                    "unit": "px",
                                                    "size": "24",
                                                    "sizes": []
                                                },
                                                "icon_padding": {
                                                    "unit": "px",
                                                    "size": "14",
                                                    "sizes": []
                                                },
                                                "title_bottom_space": {
                                                    "unit": "px",
                                                    "size": "8",
                                                    "sizes": []
                                                },
                                                "link": {
                                                    "url": "#",
                                                    "is_external": "",
                                                    "nofollow": ""
                                                },
                                                "title_size": "h5",
                                                "__globals__": {
                                                    "primary_color": "globals\/colors?id=accent",
                                                    "secondary_color": "globals\/colors?id=secondary"
                                                }
                                            },
                                            "elements": [],
                                            "isInner": false,
                                            "widgetType": "icon-box",
                                            "elType": "widget"
                                        }
                                    ],
                                    "isInner": "1",
                                    "elType": "column"
                                }
                            ],
                            "isInner": "1",
                            "elType": "section"
                        }
                    ],
                    "isInner": "",
                    "elType": "column"
                }
            ],
            "isInner": "",
            "elType": "section"
        }
    ]
}