{
    "version": "0.4",
    "title": "Event Venue",
    "type": "page",
    "metadata": {
        "template_type": "single-page",
        "include_in_zip": "1",
        "elementor_pro_required": "1",
        "wp_page_template": "elementor_canvas"
    },
    "content": [
        {
            "id": "63874f0",
            "settings": {
                "padding": {
                    "unit": "em",
                    "top": "8",
                    "right": "0",
                    "bottom": "8",
                    "left": "0",
                    "isLinked": ""
                },
                "content_position": "middle",
                "background_background": "classic",
                "background_image": {
                    "id": "1212",
                    "url": "https:\/\/templatekit.tokomoo.com\/eventkit\/wp-content\/uploads\/sites\/41\/2021\/12\/Hero-Image-3.2.jpg",
                    "alt": "",
                    "source": "library"
                },
                "background_position": "center center",
                "background_size": "cover",
                "background_overlay_background": "classic",
                "background_overlay_opacity": {
                    "unit": "px",
                    "size": "0.7",
                    "sizes": []
                },
                "background_ypos": {
                    "unit": "px",
                    "size": "-176",
                    "sizes": []
                },
                "background_repeat": "no-repeat",
                "background_position_mobile": "center center",
                "background_xpos_mobile": {
                    "unit": "px",
                    "size": "-8",
                    "sizes": []
                },
                "background_size_mobile": "cover",
                "padding_mobile": {
                    "unit": "em",
                    "top": "7",
                    "right": "1",
                    "bottom": "7",
                    "left": "1",
                    "isLinked": ""
                },
                "background_position_tablet": "center center",
                "background_attachment": "scroll",
                "padding_tablet": {
                    "unit": "em",
                    "top": "6",
                    "right": "1",
                    "bottom": "6",
                    "left": "1",
                    "isLinked": ""
                },
                "__globals__": {
                    "background_overlay_color": "globals\/colors?id=primary"
                },
                "_title": "Page Title"
            },
            "elements": [
                {
                    "id": "21056956",
                    "settings": {
                        "_column_size": "100",
                        "padding_mobile": {
                            "unit": "px",
                            "top": "0",
                            "right": "0",
                            "bottom": "0",
                            "left": "0",
                            "isLinked": "1"
                        },
                        "animation": "fadeInUp",
                        "animation_duration": "slow"
                    },
                    "elements": [
                        {
                            "id": "207ffebc",
                            "settings": {
                                "title": "Event Venue",
                                "align": "center",
                                "header_size": "h1"
                            },
                            "elements": [],
                            "isInner": false,
                            "widgetType": "heading",
                            "elType": "widget"
                        },
                        {
                            "id": "38547e46",
                            "settings": {
                                "editor": "<p>The Biggest Event in the World<\/p>",
                                "align": "center",
                                "typography_font_size": {
                                    "unit": "px",
                                    "size": "19",
                                    "sizes": []
                                },
                                "_z_index": "1",
                                "typography_font_size_mobile": {
                                    "unit": "px",
                                    "size": "17",
                                    "sizes": []
                                }
                            },
                            "elements": [],
                            "isInner": false,
                            "widgetType": "text-editor",
                            "elType": "widget"
                        }
                    ],
                    "isInner": "",
                    "elType": "column"
                }
            ],
            "isInner": "",
            "elType": "section"
        },
        {
            "id": "5dc2a0db",
            "settings": {
                "content_position": "middle",
                "structure": "20",
                "padding": {
                    "unit": "em",
                    "top": "8",
                    "right": "0",
                    "bottom": "8",
                    "left": "0",
                    "isLinked": ""
                },
                "padding_tablet": {
                    "unit": "em",
                    "top": "6",
                    "right": "1",
                    "bottom": "6",
                    "left": "1",
                    "isLinked": ""
                },
                "padding_mobile": {
                    "unit": "em",
                    "top": "",
                    "right": "",
                    "bottom": "",
                    "left": "",
                    "isLinked": "1"
                },
                "background_background": "classic",
                "reverse_order_tablet": "reverse-tablet",
                "reverse_order_mobile": "reverse-mobile",
                "__globals__": {
                    "background_color": "globals\/colors?id=primary"
                },
                "_title": "About Venue"
            },
            "elements": [
                {
                    "id": "11209c5c",
                    "settings": {
                        "_column_size": "50",
                        "_inline_size": "50",
                        "padding_mobile": {
                            "unit": "px",
                            "top": "0",
                            "right": "0",
                            "bottom": "0",
                            "left": "0",
                            "isLinked": "1"
                        },
                        "_inline_size_tablet": "100",
                        "animation": "fadeInLeft",
                        "animation_duration": "slow"
                    },
                    "elements": [
                        {
                            "id": "2830d63",
                            "settings": {
                                "image": {
                                    "id": "507",
                                    "url": "https:\/\/templatekit.tokomoo.com\/eventkit\/wp-content\/uploads\/sites\/41\/2021\/11\/empty-auditorium-rows-of-raked-seats-2021-08-31-15-17-28-utc-1.jpg",
                                    "alt": "",
                                    "source": "library"
                                },
                                "image_size": "full",
                                "image_border_width": {
                                    "unit": "px",
                                    "top": "6",
                                    "right": "6",
                                    "bottom": "6",
                                    "left": "6",
                                    "isLinked": "1"
                                },
                                "image_border_color": "rgba(70,95,255,0.13)",
                                "image_custom_dimension": {
                                    "width": "600",
                                    "height": "500"
                                },
                                "image_border_radius": {
                                    "unit": "px",
                                    "top": "10",
                                    "right": "10",
                                    "bottom": "10",
                                    "left": "10",
                                    "isLinked": "1"
                                }
                            },
                            "elements": [],
                            "isInner": false,
                            "widgetType": "image",
                            "elType": "widget"
                        }
                    ],
                    "isInner": "",
                    "elType": "column"
                },
                {
                    "id": "1dfa7968",
                    "settings": {
                        "_column_size": "50",
                        "_inline_size": "50",
                        "padding": {
                            "unit": "%",
                            "top": "",
                            "right": "",
                            "bottom": "",
                            "left": "",
                            "isLinked": "1"
                        },
                        "padding_tablet": {
                            "unit": "em",
                            "top": "",
                            "right": "",
                            "bottom": "",
                            "left": "",
                            "isLinked": "1"
                        },
                        "padding_mobile": {
                            "unit": "px",
                            "top": "0",
                            "right": "0",
                            "bottom": "0",
                            "left": "0",
                            "isLinked": "1"
                        },
                        "_inline_size_tablet": "100",
                        "margin": {
                            "unit": "em",
                            "top": "0",
                            "right": "0",
                            "bottom": "0",
                            "left": "4",
                            "isLinked": ""
                        },
                        "margin_tablet": {
                            "unit": "px",
                            "top": "0",
                            "right": "0",
                            "bottom": "0",
                            "left": "0",
                            "isLinked": ""
                        }
                    },
                    "elements": [
                        {
                            "id": "16e5fc29",
                            "settings": {
                                "width": {
                                    "unit": "px",
                                    "size": "140",
                                    "sizes": []
                                },
                                "text": "Divider",
                                "weight": {
                                    "unit": "px",
                                    "size": "6",
                                    "sizes": []
                                },
                                "pattern_height": {
                                    "unit": "px",
                                    "size": "",
                                    "sizes": []
                                },
                                "pattern_size": {
                                    "unit": "px",
                                    "size": "",
                                    "sizes": []
                                },
                                "gap": {
                                    "unit": "px",
                                    "size": "16",
                                    "sizes": []
                                },
                                "align_mobile": "center",
                                "__globals__": {
                                    "color": "globals\/colors?id=secondary"
                                }
                            },
                            "elements": [],
                            "isInner": false,
                            "widgetType": "divider",
                            "elType": "widget"
                        },
                        {
                            "id": "77cc6f26",
                            "settings": {
                                "title": "Conference Hall",
                                "header_size": "h6",
                                "align_mobile": "center"
                            },
                            "elements": [],
                            "isInner": false,
                            "widgetType": "heading",
                            "elType": "widget"
                        },
                        {
                            "id": "6476b871",
                            "settings": {
                                "title": "Garuda Wisnu Kencana Cultural Park, Bali",
                                "align_mobile": "center"
                            },
                            "elements": [],
                            "isInner": false,
                            "widgetType": "heading",
                            "elType": "widget"
                        },
                        {
                            "id": "71cf7f1f",
                            "settings": {
                                "editor": "<p>Lorem ipsum dolor sit amet, consectetur adipiscing elit. Suspendisse nisi magna, rutrum eu lectus gravida, fermentum porttitor justo. Phasellus efficitur lectus at nibh faucibus, sit amet tristique sapien porta. Aenean tortor nibh, dictum eget iaculis ac, viverra sed neque. commodo feugiat. Pellentesque habitant morbi tristique senectus et netus et malesuada fames ac turpis egestas.\u00a0<\/p>",
                                "_margin_mobile": {
                                    "unit": "px",
                                    "top": "0",
                                    "right": "0",
                                    "bottom": "50",
                                    "left": "0",
                                    "isLinked": ""
                                },
                                "align_mobile": "center"
                            },
                            "elements": [],
                            "isInner": false,
                            "widgetType": "text-editor",
                            "elType": "widget"
                        }
                    ],
                    "isInner": "",
                    "elType": "column"
                }
            ],
            "isInner": "",
            "elType": "section"
        },
        {
            "id": "7d10a244",
            "settings": {
                "padding": {
                    "unit": "em",
                    "top": "8",
                    "right": "0",
                    "bottom": "8",
                    "left": "0",
                    "isLinked": ""
                },
                "padding_tablet": {
                    "unit": "em",
                    "top": "6",
                    "right": "1",
                    "bottom": "6",
                    "left": "1",
                    "isLinked": ""
                },
                "padding_mobile": {
                    "unit": "em",
                    "top": "",
                    "right": "",
                    "bottom": "",
                    "left": "",
                    "isLinked": "1"
                },
                "background_background": "classic",
                "__globals__": {
                    "background_color": "globals\/colors?id=primary"
                },
                "_title": "Gallery"
            },
            "elements": [
                {
                    "id": "57dfb08e",
                    "settings": {
                        "_column_size": "100",
                        "padding_mobile": {
                            "unit": "em",
                            "top": "0",
                            "right": "0",
                            "bottom": "0",
                            "left": "0",
                            "isLinked": ""
                        }
                    },
                    "elements": [
                        {
                            "id": "2bfbcff9",
                            "settings": {
                                "title": "Lecture Hall",
                                "align": "center"
                            },
                            "elements": [],
                            "isInner": false,
                            "widgetType": "heading",
                            "elType": "widget"
                        },
                        {
                            "id": "2ebfcdc1",
                            "settings": {
                                "editor": "<p>Lorem ipsum dolor sit amet, consectetuer adipiscing elit. Aenean commodo ligula eget dolor. Aenean massa.\u00a0<\/p>",
                                "align": "center",
                                "_margin": {
                                    "unit": "em",
                                    "top": "0",
                                    "right": "20",
                                    "bottom": "0",
                                    "left": "20",
                                    "isLinked": ""
                                },
                                "_margin_tablet": {
                                    "unit": "em",
                                    "top": "0",
                                    "right": "6",
                                    "bottom": "0",
                                    "left": "6",
                                    "isLinked": ""
                                },
                                "_margin_mobile": {
                                    "unit": "px",
                                    "top": "0",
                                    "right": "0",
                                    "bottom": "0",
                                    "left": "0",
                                    "isLinked": ""
                                }
                            },
                            "elements": [],
                            "isInner": false,
                            "widgetType": "text-editor",
                            "elType": "widget"
                        },
                        {
                            "id": "4bf74bec",
                            "settings": {
                                "width": {
                                    "unit": "px",
                                    "size": "140",
                                    "sizes": []
                                },
                                "text": "Divider",
                                "weight": {
                                    "unit": "px",
                                    "size": "6",
                                    "sizes": []
                                },
                                "pattern_height": {
                                    "unit": "px",
                                    "size": "",
                                    "sizes": []
                                },
                                "pattern_size": {
                                    "unit": "px",
                                    "size": "",
                                    "sizes": []
                                },
                                "gap": {
                                    "unit": "px",
                                    "size": "16",
                                    "sizes": []
                                },
                                "align": "center",
                                "align_mobile": "center",
                                "__globals__": {
                                    "color": "globals\/colors?id=secondary"
                                }
                            },
                            "elements": [],
                            "isInner": false,
                            "widgetType": "divider",
                            "elType": "widget"
                        },
                        {
                            "id": "442c2560",
                            "settings": {
                                "space": {
                                    "unit": "px",
                                    "size": "10",
                                    "sizes": []
                                },
                                "space_mobile": {
                                    "unit": "px",
                                    "size": "10",
                                    "sizes": []
                                }
                            },
                            "elements": [],
                            "isInner": false,
                            "widgetType": "spacer",
                            "elType": "widget"
                        },
                        {
                            "id": "67afb284",
                            "settings": {
                                "gap": "narrow",
                                "structure": "30",
                                "animation": "fadeInUp",
                                "animation_duration": "slow"
                            },
                            "elements": [
                                {
                                    "id": "694d7d17",
                                    "settings": {
                                        "_column_size": "33",
                                        "margin": {
                                            "unit": "em",
                                            "top": "0",
                                            "right": "1",
                                            "bottom": "0",
                                            "left": "0",
                                            "isLinked": ""
                                        },
                                        "margin_mobile": {
                                            "unit": "px",
                                            "top": "0",
                                            "right": "0",
                                            "bottom": "0",
                                            "left": "0",
                                            "isLinked": ""
                                        },
                                        "padding_mobile": {
                                            "unit": "px",
                                            "top": "0",
                                            "right": "0",
                                            "bottom": "0",
                                            "left": "0",
                                            "isLinked": ""
                                        }
                                    },
                                    "elements": [
                                        {
                                            "id": "352d48b1",
                                            "settings": {
                                                "image": {
                                                    "id": "525",
                                                    "url": "https:\/\/templatekit.tokomoo.com\/eventkit\/wp-content\/uploads\/sites\/41\/2021\/11\/presentation-2021-08-29-15-19-50-utc.jpg",
                                                    "alt": "",
                                                    "source": "library"
                                                },
                                                "image_size": "medium_large",
                                                "image_custom_dimension": {
                                                    "width": "276",
                                                    "height": "414"
                                                },
                                                "link_to": "file",
                                                "opacity_hover": {
                                                    "unit": "px",
                                                    "size": "0.7",
                                                    "sizes": []
                                                },
                                                "image_border_radius": {
                                                    "unit": "px",
                                                    "top": "10",
                                                    "right": "10",
                                                    "bottom": "10",
                                                    "left": "10",
                                                    "isLinked": "1"
                                                }
                                            },
                                            "elements": [],
                                            "isInner": false,
                                            "widgetType": "image",
                                            "elType": "widget"
                                        }
                                    ],
                                    "isInner": "1",
                                    "elType": "column"
                                },
                                {
                                    "id": "2f39d113",
                                    "settings": {
                                        "_column_size": "33",
                                        "margin": {
                                            "unit": "em",
                                            "top": "0",
                                            "right": "0.5",
                                            "bottom": "0",
                                            "left": "0.5",
                                            "isLinked": ""
                                        },
                                        "margin_mobile": {
                                            "unit": "em",
                                            "top": "2",
                                            "right": "0",
                                            "bottom": "0",
                                            "left": "0",
                                            "isLinked": ""
                                        },
                                        "padding_mobile": {
                                            "unit": "px",
                                            "top": "0",
                                            "right": "0",
                                            "bottom": "0",
                                            "left": "0",
                                            "isLinked": ""
                                        }
                                    },
                                    "elements": [
                                        {
                                            "id": "722c77d4",
                                            "settings": {
                                                "image": {
                                                    "id": "524",
                                                    "url": "https:\/\/templatekit.tokomoo.com\/eventkit\/wp-content\/uploads\/sites\/41\/2021\/11\/on-way-to-conference-2021-09-24-03-26-48-utc.jpg",
                                                    "alt": "",
                                                    "source": "library"
                                                },
                                                "image_size": "medium_large",
                                                "image_custom_dimension": {
                                                    "width": "276",
                                                    "height": "414"
                                                },
                                                "link_to": "file",
                                                "opacity_hover": {
                                                    "unit": "px",
                                                    "size": "0.7",
                                                    "sizes": []
                                                },
                                                "image_border_radius": {
                                                    "unit": "px",
                                                    "top": "10",
                                                    "right": "10",
                                                    "bottom": "10",
                                                    "left": "10",
                                                    "isLinked": "1"
                                                }
                                            },
                                            "elements": [],
                                            "isInner": false,
                                            "widgetType": "image",
                                            "elType": "widget"
                                        }
                                    ],
                                    "isInner": "1",
                                    "elType": "column"
                                },
                                {
                                    "id": "68b136eb",
                                    "settings": {
                                        "_column_size": "33",
                                        "margin": {
                                            "unit": "em",
                                            "top": "0",
                                            "right": "0",
                                            "bottom": "0",
                                            "left": "1",
                                            "isLinked": ""
                                        },
                                        "margin_mobile": {
                                            "unit": "em",
                                            "top": "2",
                                            "right": "0",
                                            "bottom": "0",
                                            "left": "0",
                                            "isLinked": ""
                                        },
                                        "padding_mobile": {
                                            "unit": "px",
                                            "top": "0",
                                            "right": "0",
                                            "bottom": "0",
                                            "left": "0",
                                            "isLinked": ""
                                        }
                                    },
                                    "elements": [
                                        {
                                            "id": "2915d19d",
                                            "settings": {
                                                "image": {
                                                    "id": "523",
                                                    "url": "https:\/\/templatekit.tokomoo.com\/eventkit\/wp-content\/uploads\/sites\/41\/2021\/11\/office-building-2021-08-29-23-20-04-utc.jpg",
                                                    "alt": "",
                                                    "source": "library"
                                                },
                                                "image_size": "medium_large",
                                                "image_custom_dimension": {
                                                    "width": "276",
                                                    "height": "414"
                                                },
                                                "link_to": "file",
                                                "opacity_hover": {
                                                    "unit": "px",
                                                    "size": "0.7",
                                                    "sizes": []
                                                },
                                                "image_border_radius": {
                                                    "unit": "px",
                                                    "top": "10",
                                                    "right": "10",
                                                    "bottom": "10",
                                                    "left": "10",
                                                    "isLinked": "1"
                                                }
                                            },
                                            "elements": [],
                                            "isInner": false,
                                            "widgetType": "image",
                                            "elType": "widget"
                                        }
                                    ],
                                    "isInner": "1",
                                    "elType": "column"
                                }
                            ],
                            "isInner": "1",
                            "elType": "section"
                        },
                        {
                            "id": "3dead251",
                            "settings": {
                                "gap": "narrow",
                                "structure": "30",
                                "margin": {
                                    "unit": "em",
                                    "top": "2",
                                    "right": "0",
                                    "bottom": "0",
                                    "left": "0",
                                    "isLinked": ""
                                },
                                "animation": "fadeInUp",
                                "animation_duration": "slow"
                            },
                            "elements": [
                                {
                                    "id": "1d5c3c20",
                                    "settings": {
                                        "_column_size": "33",
                                        "margin": {
                                            "unit": "em",
                                            "top": "0",
                                            "right": "1",
                                            "bottom": "0",
                                            "left": "0",
                                            "isLinked": ""
                                        },
                                        "margin_mobile": {
                                            "unit": "px",
                                            "top": "0",
                                            "right": "0",
                                            "bottom": "0",
                                            "left": "0",
                                            "isLinked": ""
                                        },
                                        "padding_mobile": {
                                            "unit": "px",
                                            "top": "0",
                                            "right": "0",
                                            "bottom": "0",
                                            "left": "0",
                                            "isLinked": ""
                                        }
                                    },
                                    "elements": [
                                        {
                                            "id": "206c234e",
                                            "settings": {
                                                "image": {
                                                    "id": "522",
                                                    "url": "https:\/\/templatekit.tokomoo.com\/eventkit\/wp-content\/uploads\/sites\/41\/2021\/11\/group-of-business-people-in-the-conference-room-2021-08-27-09-41-57-utc.jpg",
                                                    "alt": "",
                                                    "source": "library"
                                                },
                                                "image_size": "medium_large",
                                                "image_custom_dimension": {
                                                    "width": "276",
                                                    "height": "414"
                                                },
                                                "link_to": "file",
                                                "opacity_hover": {
                                                    "unit": "px",
                                                    "size": "0.7",
                                                    "sizes": []
                                                },
                                                "image_border_radius": {
                                                    "unit": "px",
                                                    "top": "10",
                                                    "right": "10",
                                                    "bottom": "10",
                                                    "left": "10",
                                                    "isLinked": "1"
                                                }
                                            },
                                            "elements": [],
                                            "isInner": false,
                                            "widgetType": "image",
                                            "elType": "widget"
                                        }
                                    ],
                                    "isInner": "1",
                                    "elType": "column"
                                },
                                {
                                    "id": "b25f5bb",
                                    "settings": {
                                        "_column_size": "33",
                                        "margin": {
                                            "unit": "em",
                                            "top": "0",
                                            "right": "0.5",
                                            "bottom": "0",
                                            "left": "0.5",
                                            "isLinked": ""
                                        },
                                        "margin_mobile": {
                                            "unit": "em",
                                            "top": "2",
                                            "right": "0",
                                            "bottom": "0",
                                            "left": "0",
                                            "isLinked": ""
                                        },
                                        "padding_mobile": {
                                            "unit": "px",
                                            "top": "0",
                                            "right": "0",
                                            "bottom": "0",
                                            "left": "0",
                                            "isLinked": ""
                                        }
                                    },
                                    "elements": [
                                        {
                                            "id": "104c5795",
                                            "settings": {
                                                "image": {
                                                    "id": "521",
                                                    "url": "https:\/\/templatekit.tokomoo.com\/eventkit\/wp-content\/uploads\/sites\/41\/2021\/11\/female-leader-at-conference-hall-2021-08-27-22-14-10-utc.jpg",
                                                    "alt": "",
                                                    "source": "library"
                                                },
                                                "image_size": "medium_large",
                                                "image_custom_dimension": {
                                                    "width": "276",
                                                    "height": "414"
                                                },
                                                "link_to": "file",
                                                "opacity_hover": {
                                                    "unit": "px",
                                                    "size": "0.7",
                                                    "sizes": []
                                                },
                                                "image_border_radius": {
                                                    "unit": "px",
                                                    "top": "10",
                                                    "right": "10",
                                                    "bottom": "10",
                                                    "left": "10",
                                                    "isLinked": "1"
                                                }
                                            },
                                            "elements": [],
                                            "isInner": false,
                                            "widgetType": "image",
                                            "elType": "widget"
                                        }
                                    ],
                                    "isInner": "1",
                                    "elType": "column"
                                },
                                {
                                    "id": "6d82c5ca",
                                    "settings": {
                                        "_column_size": "33",
                                        "margin": {
                                            "unit": "em",
                                            "top": "0",
                                            "right": "0",
                                            "bottom": "0",
                                            "left": "1",
                                            "isLinked": ""
                                        },
                                        "margin_mobile": {
                                            "unit": "em",
                                            "top": "2",
                                            "right": "0",
                                            "bottom": "0",
                                            "left": "0",
                                            "isLinked": ""
                                        },
                                        "padding_mobile": {
                                            "unit": "px",
                                            "top": "0",
                                            "right": "0",
                                            "bottom": "0",
                                            "left": "0",
                                            "isLinked": ""
                                        }
                                    },
                                    "elements": [
                                        {
                                            "id": "4771b827",
                                            "settings": {
                                                "image": {
                                                    "id": "520",
                                                    "url": "https:\/\/templatekit.tokomoo.com\/eventkit\/wp-content\/uploads\/sites\/41\/2021\/11\/corporate-business-team-and-manager-in-a-meeting-2021-09-02-08-41-01-utc.jpg",
                                                    "alt": "",
                                                    "source": "library"
                                                },
                                                "image_size": "medium_large",
                                                "image_custom_dimension": {
                                                    "width": "276",
                                                    "height": "414"
                                                },
                                                "link_to": "file",
                                                "opacity_hover": {
                                                    "unit": "px",
                                                    "size": "0.7",
                                                    "sizes": []
                                                },
                                                "image_border_radius": {
                                                    "unit": "px",
                                                    "top": "10",
                                                    "right": "10",
                                                    "bottom": "10",
                                                    "left": "10",
                                                    "isLinked": "1"
                                                }
                                            },
                                            "elements": [],
                                            "isInner": false,
                                            "widgetType": "image",
                                            "elType": "widget"
                                        }
                                    ],
                                    "isInner": "1",
                                    "elType": "column"
                                }
                            ],
                            "isInner": "1",
                            "elType": "section"
                        }
                    ],
                    "isInner": "",
                    "elType": "column"
                }
            ],
            "isInner": "",
            "elType": "section"
        },
        {
            "id": "2093070c",
            "settings": {
                "background_background": "classic",
                "gap": "no",
                "background_image": {
                    "id": "332",
                    "url": "https:\/\/templatekit.tokomoo.com\/eventkit\/wp-content\/uploads\/sites\/41\/2021\/11\/success-in-business-2021-09-24-03-29-30-utc-1.jpg",
                    "alt": "",
                    "source": "library"
                },
                "background_position": "center center",
                "background_ypos": {
                    "unit": "vh",
                    "size": "0",
                    "sizes": []
                },
                "background_repeat": "no-repeat",
                "background_size": "cover",
                "background_overlay_background": "classic",
                "background_bg_width": {
                    "unit": "%",
                    "size": "115",
                    "sizes": []
                },
                "background_position_tablet": "center left",
                "background_position_mobile": "center center",
                "background_xpos_mobile": {
                    "unit": "px",
                    "size": "-477",
                    "sizes": []
                },
                "background_size_tablet": "cover",
                "background_size_mobile": "cover",
                "__globals__": {
                    "background_color": "globals\/colors?id=primary",
                    "background_overlay_color": "globals\/colors?id=primary"
                },
                "background_attachment": "scroll",
                "padding": {
                    "unit": "em",
                    "top": "8",
                    "right": "0",
                    "bottom": "8",
                    "left": "0",
                    "isLinked": ""
                },
                "background_overlay_opacity": {
                    "unit": "px",
                    "size": "0.7",
                    "sizes": []
                },
                "padding_tablet": {
                    "unit": "em",
                    "top": "6",
                    "right": "1",
                    "bottom": "6",
                    "left": "1",
                    "isLinked": ""
                },
                "_title": "Call to Action"
            },
            "elements": [
                {
                    "id": "3b6b75b8",
                    "settings": {
                        "_column_size": "100",
                        "animation": "fadeInUp",
                        "animation_duration": "slow"
                    },
                    "elements": [
                        {
                            "id": "38ac59ad",
                            "settings": {
                                "title": "Lets talk",
                                "header_size": "h6",
                                "typography_font_family": "Poppins",
                                "typography_font_size": {
                                    "unit": "px",
                                    "size": "16",
                                    "sizes": []
                                },
                                "typography_font_weight": "400",
                                "typography_text_transform": "uppercase",
                                "typography_letter_spacing": {
                                    "unit": "px",
                                    "size": "4",
                                    "sizes": []
                                },
                                "_z_index": "5",
                                "align": "center"
                            },
                            "elements": [],
                            "isInner": false,
                            "widgetType": "heading",
                            "elType": "widget"
                        },
                        {
                            "id": "6f50bfdd",
                            "settings": {
                                "title": "Witness The Biggest Tech Event in 2022",
                                "typography_font_family": "Poppins",
                                "typography_font_size": {
                                    "unit": "px",
                                    "size": "40",
                                    "sizes": []
                                },
                                "typography_font_weight": "300",
                                "typography_line_height": {
                                    "unit": "px",
                                    "size": "55",
                                    "sizes": []
                                },
                                "typography_letter_spacing": {
                                    "unit": "px",
                                    "size": "0.5",
                                    "sizes": []
                                },
                                "_z_index": "5",
                                "align": "center",
                                "_animation": "fadeInDown",
                                "typography_font_size_mobile": {
                                    "unit": "px",
                                    "size": "26",
                                    "sizes": []
                                },
                                "_margin_mobile": {
                                    "unit": "px",
                                    "top": "0",
                                    "right": "0",
                                    "bottom": "0",
                                    "left": "0",
                                    "isLinked": ""
                                },
                                "_padding_mobile": {
                                    "unit": "px",
                                    "top": "0",
                                    "right": "0",
                                    "bottom": "0",
                                    "left": "0",
                                    "isLinked": ""
                                },
                                "typography_line_height_mobile": {
                                    "unit": "em",
                                    "size": "1.8",
                                    "sizes": []
                                },
                                "_padding_tablet": {
                                    "unit": "px",
                                    "top": "0",
                                    "right": "0",
                                    "bottom": "0",
                                    "left": "0",
                                    "isLinked": ""
                                },
                                "_margin": {
                                    "unit": "em",
                                    "top": "0",
                                    "right": "14",
                                    "bottom": "0",
                                    "left": "14",
                                    "isLinked": ""
                                },
                                "_margin_tablet": {
                                    "unit": "px",
                                    "top": "0",
                                    "right": "0",
                                    "bottom": "0",
                                    "left": "0",
                                    "isLinked": ""
                                }
                            },
                            "elements": [],
                            "isInner": false,
                            "widgetType": "heading",
                            "elType": "widget"
                        },
                        {
                            "id": "18e6c502",
                            "settings": {
                                "space": {
                                    "unit": "px",
                                    "size": "24",
                                    "sizes": []
                                }
                            },
                            "elements": [],
                            "isInner": false,
                            "widgetType": "spacer",
                            "elType": "widget"
                        },
                        {
                            "id": "3f4c15ab",
                            "settings": {
                                "text": "COntact Us",
                                "icon_align": "right",
                                "typography_font_family": "Poppins",
                                "typography_font_size": {
                                    "unit": "px",
                                    "size": "15",
                                    "sizes": []
                                },
                                "typography_font_weight": "400",
                                "typography_letter_spacing": {
                                    "unit": "px",
                                    "size": "0.5",
                                    "sizes": []
                                },
                                "border_radius": {
                                    "unit": "px",
                                    "top": "",
                                    "right": "",
                                    "bottom": "",
                                    "left": "",
                                    "isLinked": "1"
                                },
                                "button_box_shadow_box_shadow": {
                                    "horizontal": "0",
                                    "vertical": "10",
                                    "blur": "30",
                                    "spread": "0",
                                    "color": "rgba(68, 216, 240, 0.1)"
                                },
                                "align": "center",
                                "_z_index": "5",
                                "align_tablet": "center",
                                "align_mobile": "justify",
                                "hover_animation": "float"
                            },
                            "elements": [],
                            "isInner": false,
                            "widgetType": "button",
                            "elType": "widget"
                        }
                    ],
                    "isInner": "",
                    "elType": "column"
                }
            ],
            "isInner": "",
            "elType": "section"
        },
        {
            "id": "11a04c83",
            "settings": {
                "content_position": "middle",
                "structure": "20",
                "background_background": "classic",
                "padding": {
                    "unit": "em",
                    "top": "8",
                    "right": "0",
                    "bottom": "8",
                    "left": "0",
                    "isLinked": ""
                },
                "padding_tablet": {
                    "unit": "em",
                    "top": "6",
                    "right": "1",
                    "bottom": "6",
                    "left": "1",
                    "isLinked": ""
                },
                "__globals__": {
                    "background_color": "globals\/colors?id=primary"
                },
                "_title": "Location"
            },
            "elements": [
                {
                    "id": "76af8489",
                    "settings": {
                        "_column_size": "50",
                        "_inline_size": "40",
                        "padding": {
                            "unit": "em",
                            "top": "",
                            "right": "",
                            "bottom": "",
                            "left": "",
                            "isLinked": ""
                        },
                        "padding_mobile": {
                            "unit": "em",
                            "top": "0",
                            "right": "0",
                            "bottom": "0",
                            "left": "0",
                            "isLinked": ""
                        },
                        "_inline_size_tablet": "100"
                    },
                    "elements": [
                        {
                            "id": "3ccbd97d",
                            "settings": {
                                "title": "Get Direction",
                                "align_mobile": "center",
                                "_padding_mobile": {
                                    "unit": "px",
                                    "top": "0",
                                    "right": "0",
                                    "bottom": "0",
                                    "left": "0",
                                    "isLinked": ""
                                }
                            },
                            "elements": [],
                            "isInner": false,
                            "widgetType": "heading",
                            "elType": "widget"
                        },
                        {
                            "id": "31f110f5",
                            "settings": {
                                "width": {
                                    "unit": "px",
                                    "size": "140",
                                    "sizes": []
                                },
                                "text": "Divider",
                                "weight": {
                                    "unit": "px",
                                    "size": "6",
                                    "sizes": []
                                },
                                "pattern_height": {
                                    "unit": "px",
                                    "size": "",
                                    "sizes": []
                                },
                                "pattern_size": {
                                    "unit": "px",
                                    "size": "",
                                    "sizes": []
                                },
                                "gap": {
                                    "unit": "px",
                                    "size": "16",
                                    "sizes": []
                                },
                                "align": "left",
                                "align_mobile": "center",
                                "__globals__": {
                                    "color": "globals\/colors?id=secondary"
                                }
                            },
                            "elements": [],
                            "isInner": false,
                            "widgetType": "divider",
                            "elType": "widget"
                        },
                        {
                            "id": "1e13827f",
                            "settings": {
                                "title": "Geronimo Bowral Hotel, Bowral, Australia",
                                "header_size": "h5",
                                "align_mobile": "center"
                            },
                            "elements": [],
                            "isInner": false,
                            "widgetType": "heading",
                            "elType": "widget"
                        },
                        {
                            "id": "6341eb76",
                            "settings": {
                                "editor": "<p>7 Brown St, Bowral, NSW<br \/>6678, Australia<\/p>",
                                "align_mobile": "center"
                            },
                            "elements": [],
                            "isInner": false,
                            "widgetType": "text-editor",
                            "elType": "widget"
                        }
                    ],
                    "isInner": "",
                    "elType": "column"
                },
                {
                    "id": "46f2c8e2",
                    "settings": {
                        "_column_size": "50",
                        "_inline_size": "60",
                        "_inline_size_tablet": "100",
                        "box_shadow_box_shadow": {
                            "horizontal": "23",
                            "vertical": "0",
                            "blur": "10",
                            "spread": "0",
                            "color": "rgba(0,0,0,0.5)"
                        },
                        "margin_mobile": {
                            "unit": "em",
                            "top": "2",
                            "right": "0",
                            "bottom": "0",
                            "left": "0",
                            "isLinked": ""
                        },
                        "padding_mobile": {
                            "unit": "px",
                            "top": "0",
                            "right": "0",
                            "bottom": "0",
                            "left": "0",
                            "isLinked": ""
                        },
                        "animation": "fadeInRight",
                        "animation_duration": "slow"
                    },
                    "elements": [
                        {
                            "id": "f7a53ad",
                            "settings": {
                                "address": "Hall Street, Port Noarlunga Australia Selatan, Australia",
                                "zoom": {
                                    "unit": "px",
                                    "size": "15",
                                    "sizes": []
                                },
                                "height": {
                                    "unit": "px",
                                    "size": "600",
                                    "sizes": []
                                },
                                "_border_width": {
                                    "unit": "px",
                                    "top": "6",
                                    "right": "6",
                                    "bottom": "6",
                                    "left": "6",
                                    "isLinked": "1"
                                },
                                "_border_color": "rgba(70,95,255,0.13)",
                                "height_mobile": {
                                    "unit": "px",
                                    "size": "350",
                                    "sizes": []
                                },
                                "height_tablet": {
                                    "unit": "px",
                                    "size": "360",
                                    "sizes": []
                                },
                                "_border_radius": {
                                    "unit": "px",
                                    "top": "10",
                                    "right": "10",
                                    "bottom": "10",
                                    "left": "10",
                                    "isLinked": "1"
                                }
                            },
                            "elements": [],
                            "isInner": false,
                            "widgetType": "google_maps",
                            "elType": "widget"
                        }
                    ],
                    "isInner": "",
                    "elType": "column"
                }
            ],
            "isInner": "",
            "elType": "section"
        }
    ]
}