{
    "version": "0.4",
    "title": "Global Kit Styles",
    "type": "section",
    "metadata": {
        "template_type": "global-styles",
        "include_in_zip": "1",
        "elementor_pro_required": null,
        "additional_template_information": [
            "These are the global theme styles configured through the Elementor Theme Styles area."
        ],
        "wp_page_template": "default"
    },
    "content": [],
    "page_settings": {
        "system_colors": [
            {
                "_id": "primary",
                "title": "Primary",
                "color": "#08133A"
            },
            {
                "_id": "secondary",
                "title": "Secondary",
                "color": "#108AEE"
            },
            {
                "_id": "text",
                "title": "Text",
                "color": "#E5E5E5"
            },
            {
                "_id": "accent",
                "title": "Accent",
                "color": "#091F4C"
            }
        ],
        "custom_colors": [
            {
                "_id": "447a69f",
                "title": "White",
                "color": "#FFFFFF"
            }
        ],
        "system_typography": [
            {
                "_id": "primary",
                "title": "Primary",
                "typography_typography": "custom",
                "typography_font_family": "Nunito",
                "typography_font_weight": "bold"
            },
            {
                "_id": "secondary",
                "title": "Secondary",
                "typography_typography": "custom",
                "typography_font_family": "Nunito",
                "typography_font_weight": "normal"
            },
            {
                "_id": "text",
                "title": "Text",
                "typography_typography": "custom",
                "typography_font_family": "Nunito",
                "typography_font_weight": "normal",
                "typography_font_size": {
                    "unit": "px",
                    "size": "16",
                    "sizes": []
                },
                "typography_line_height": {
                    "unit": "em",
                    "size": "1.6",
                    "sizes": []
                }
            },
            {
                "_id": "accent",
                "title": "Accent",
                "typography_typography": "custom",
                "typography_font_family": "Nunito",
                "typography_font_weight": "normal",
                "typography_font_size": {
                    "unit": "px",
                    "size": "16",
                    "sizes": []
                },
                "typography_text_transform": "uppercase"
            }
        ],
        "custom_typography": [
            {
                "_id": "0ee89ac",
                "title": "H1 Heading",
                "typography_typography": "custom",
                "typography_font_family": "Nunito",
                "typography_font_size": {
                    "unit": "px",
                    "size": "64",
                    "sizes": []
                },
                "typography_font_size_tablet": {
                    "unit": "px",
                    "size": "56",
                    "sizes": []
                },
                "typography_font_size_mobile": {
                    "unit": "px",
                    "size": "48",
                    "sizes": []
                },
                "typography_font_weight": "bold",
                "typography_line_height": {
                    "unit": "em",
                    "size": "1.2",
                    "sizes": []
                }
            },
            {
                "_id": "b536a79",
                "title": "H2 Heading",
                "typography_typography": "custom",
                "typography_font_family": "Nunito",
                "typography_font_size": {
                    "unit": "px",
                    "size": "48",
                    "sizes": []
                },
                "typography_font_size_tablet": {
                    "unit": "px",
                    "size": "40",
                    "sizes": []
                },
                "typography_font_weight": "bold",
                "typography_line_height": {
                    "unit": "em",
                    "size": "1.2",
                    "sizes": []
                }
            },
            {
                "_id": "0d2dc76",
                "title": "H3 Heading",
                "typography_typography": "custom",
                "typography_font_family": "Nunito",
                "typography_font_size": {
                    "unit": "px",
                    "size": "36",
                    "sizes": []
                },
                "typography_font_size_tablet": {
                    "unit": "px",
                    "size": "32",
                    "sizes": []
                },
                "typography_font_weight": "bold",
                "typography_line_height": {
                    "unit": "em",
                    "size": "1.2",
                    "sizes": []
                }
            },
            {
                "_id": "934b005",
                "title": "H4 Heading",
                "typography_typography": "custom",
                "typography_font_family": "Nunito",
                "typography_font_size": {
                    "unit": "px",
                    "size": "32",
                    "sizes": []
                },
                "typography_font_size_tablet": {
                    "unit": "px",
                    "size": "28",
                    "sizes": []
                },
                "typography_font_weight": "bold",
                "typography_line_height": {
                    "unit": "em",
                    "size": "1.2",
                    "sizes": []
                }
            },
            {
                "_id": "bf48384",
                "title": "H5 Heading",
                "typography_typography": "custom",
                "typography_font_family": "Nunito",
                "typography_font_size": {
                    "unit": "px",
                    "size": "24",
                    "sizes": []
                },
                "typography_font_weight": "bold",
                "typography_line_height": {
                    "unit": "em",
                    "size": "1.2",
                    "sizes": []
                }
            },
            {
                "_id": "80e16b5",
                "title": "H6 Heading",
                "typography_typography": "custom",
                "typography_font_family": "Nunito",
                "typography_font_size": {
                    "unit": "px",
                    "size": "17",
                    "sizes": []
                },
                "typography_font_weight": "bold",
                "typography_line_height": {
                    "unit": "em",
                    "size": "1.2",
                    "sizes": []
                }
            }
        ],
        "default_generic_fonts": "Sans-serif",
        "page_title_selector": "h1.entry-title",
        "hello_footer_copyright_text": "All rights reserved",
        "activeItemIndex": 1,
        "viewport_md": 768,
        "viewport_lg": 1025,
        "__globals__": {
            "link_normal_color": "globals\/colors?id=secondary",
            "body_color": "globals\/colors?id=text",
            "h1_color": "globals\/colors?id=447a69f",
            "h2_color": "globals\/colors?id=447a69f",
            "h3_color": "globals\/colors?id=447a69f",
            "h5_color": "globals\/colors?id=447a69f",
            "h6_color": "globals\/colors?id=447a69f",
            "h4_color": "globals\/colors?id=447a69f",
            "button_text_color": "globals\/colors?id=447a69f",
            "button_background_color": "globals\/colors?id=secondary",
            "button_hover_background_color": "",
            "form_label_color": "globals\/colors?id=text",
            "form_field_text_color": "globals\/colors?id=primary",
            "form_field_background_color": "globals\/colors?id=447a69f",
            "form_field_focus_border_color": "globals\/colors?id=secondary",
            "button_typography_typography": "globals\/typography?id=accent",
            "form_field_typography_typography": "globals\/typography?id=text",
            "body_typography_typography": "globals\/typography?id=text",
            "h1_typography_typography": "globals\/typography?id=0ee89ac",
            "h2_typography_typography": "globals\/typography?id=b536a79",
            "h3_typography_typography": "globals\/typography?id=0d2dc76",
            "h4_typography_typography": "globals\/typography?id=934b005",
            "h5_typography_typography": "globals\/typography?id=bf48384",
            "h6_typography_typography": "globals\/typography?id=80e16b5",
            "body_background_color": "globals\/colors?id=primary",
            "mobile_browser_background": "globals\/colors?id=primary",
            "button_border_color": "globals\/colors?id=secondary"
        },
        "body_color": "#E5E5E5",
        "h1_color": "#FFFFFF",
        "h2_color": "#FFFFFF",
        "h3_color": "#FFFFFF",
        "h4_color": "#FFFFFF",
        "h5_color": "#FFFFFF",
        "h6_color": "#FFFFFF",
        "button_text_color": "#FFFFFF",
        "button_background_color": "#108AEE",
        "button_border_radius": {
            "unit": "px",
            "top": "5",
            "right": "5",
            "bottom": "5",
            "left": "5",
            "isLinked": "1"
        },
        "button_hover_background_color": "#0076D6",
        "button_padding": {
            "unit": "px",
            "top": "24",
            "right": "48",
            "bottom": "24",
            "left": "48",
            "isLinked": ""
        },
        "form_label_color": "#E5E5E5",
        "form_field_text_color": "#FFFFFF",
        "form_field_border_radius": {
            "unit": "px",
            "top": "5",
            "right": "5",
            "bottom": "5",
            "left": "5",
            "isLinked": "1"
        },
        "form_field_focus_border_border": "solid",
        "form_field_focus_border_width": {
            "unit": "px",
            "top": "2",
            "right": "2",
            "bottom": "2",
            "left": "2",
            "isLinked": "1"
        },
        "form_field_padding": {
            "unit": "px",
            "top": "18",
            "right": "18",
            "bottom": "18",
            "left": "18",
            "isLinked": "1"
        },
        "body_background_background": "classic",
        "paragraph_spacing": {
            "unit": "em",
            "size": 1.4,
            "sizes": []
        },
        "button_border_border": "solid",
        "button_border_width": {
            "unit": "px",
            "top": "1",
            "right": "1",
            "bottom": "1",
            "left": "1",
            "isLinked": true
        },
        "button_hover_border_border": "solid",
        "button_hover_border_width": {
            "unit": "px",
            "top": "1",
            "right": "1",
            "bottom": "1",
            "left": "1",
            "isLinked": true
        },
        "button_hover_border_color": "#0076D6"
    }
}