{
    "version": "0.4",
    "title": "Speakers List",
    "type": "page",
    "metadata": {
        "template_type": "single-page",
        "include_in_zip": "1",
        "elementor_pro_required": "1",
        "wp_page_template": "elementor_canvas"
    },
    "content": [
        {
            "id": "6edd7925",
            "settings": {
                "padding": {
                    "unit": "em",
                    "top": "8",
                    "right": "0",
                    "bottom": "8",
                    "left": "0",
                    "isLinked": ""
                },
                "content_position": "middle",
                "background_background": "classic",
                "background_image": {
                    "id": "979",
                    "url": "https:\/\/templatekit.tokomoo.com\/eventkit\/wp-content\/uploads\/sites\/41\/2021\/11\/Hero-Image-4.jpg",
                    "alt": "",
                    "source": "library"
                },
                "background_position": "center center",
                "background_size": "cover",
                "background_overlay_background": "classic",
                "background_overlay_opacity": {
                    "unit": "px",
                    "size": "0.7",
                    "sizes": []
                },
                "background_ypos": {
                    "unit": "px",
                    "size": "-176",
                    "sizes": []
                },
                "background_repeat": "no-repeat",
                "background_position_mobile": "center center",
                "background_xpos_mobile": {
                    "unit": "px",
                    "size": "-8",
                    "sizes": []
                },
                "background_size_mobile": "cover",
                "padding_mobile": {
                    "unit": "em",
                    "top": "7",
                    "right": "1",
                    "bottom": "7",
                    "left": "1",
                    "isLinked": ""
                },
                "background_position_tablet": "center center",
                "background_attachment": "scroll",
                "padding_tablet": {
                    "unit": "em",
                    "top": "6",
                    "right": "1",
                    "bottom": "6",
                    "left": "1",
                    "isLinked": ""
                },
                "__globals__": {
                    "background_overlay_color": "globals\/colors?id=primary"
                },
                "_title": "Page Tile"
            },
            "elements": [
                {
                    "id": "73cefe31",
                    "settings": {
                        "_column_size": "100",
                        "padding_mobile": {
                            "unit": "px",
                            "top": "0",
                            "right": "0",
                            "bottom": "0",
                            "left": "0",
                            "isLinked": "1"
                        },
                        "animation": "fadeInUp",
                        "animation_duration": "slow"
                    },
                    "elements": [
                        {
                            "id": "2338539e",
                            "settings": {
                                "title": "The Speakers",
                                "align": "center",
                                "header_size": "h1"
                            },
                            "elements": [],
                            "isInner": false,
                            "widgetType": "heading",
                            "elType": "widget"
                        },
                        {
                            "id": "51944963",
                            "settings": {
                                "editor": "<p>The Biggest Event in the World<\/p>",
                                "align": "center",
                                "typography_font_size": {
                                    "unit": "px",
                                    "size": "19",
                                    "sizes": []
                                },
                                "_z_index": "1",
                                "typography_font_size_mobile": {
                                    "unit": "px",
                                    "size": "17",
                                    "sizes": []
                                }
                            },
                            "elements": [],
                            "isInner": false,
                            "widgetType": "text-editor",
                            "elType": "widget"
                        }
                    ],
                    "isInner": "",
                    "elType": "column"
                }
            ],
            "isInner": "",
            "elType": "section"
        },
        {
            "id": "7928fb81",
            "settings": {
                "background_background": "classic",
                "padding": {
                    "unit": "em",
                    "top": "8",
                    "right": "0",
                    "bottom": "8",
                    "left": "0",
                    "isLinked": ""
                },
                "__globals__": {
                    "background_color": "globals\/colors?id=primary",
                    "background_overlay_color": "globals\/colors?id=primary"
                },
                "background_image": {
                    "url": "",
                    "id": "",
                    "alt": "",
                    "source": "library"
                },
                "background_position": "center center",
                "background_attachment": "scroll",
                "background_repeat": "no-repeat",
                "background_size": "cover",
                "background_overlay_background": "classic",
                "background_overlay_opacity": {
                    "unit": "px",
                    "size": "0.75",
                    "sizes": []
                },
                "padding_tablet": {
                    "unit": "em",
                    "top": "6",
                    "right": "1",
                    "bottom": "6",
                    "left": "1",
                    "isLinked": ""
                },
                "_title": "Speakers"
            },
            "elements": [
                {
                    "id": "3131adf1",
                    "settings": {
                        "_column_size": "100",
                        "padding_mobile": {
                            "unit": "px",
                            "top": "0",
                            "right": "0",
                            "bottom": "0",
                            "left": "0",
                            "isLinked": ""
                        }
                    },
                    "elements": [
                        {
                            "id": "27e4f65",
                            "settings": {
                                "title": "Our Speakers",
                                "header_size": "h6",
                                "align": "center"
                            },
                            "elements": [],
                            "isInner": false,
                            "widgetType": "heading",
                            "elType": "widget"
                        },
                        {
                            "id": "69b64df4",
                            "settings": {
                                "title": "Meet Keynotes Speakers",
                                "title_color": "#FFFFFF",
                                "align_mobile": "center",
                                "align": "center"
                            },
                            "elements": [],
                            "isInner": false,
                            "widgetType": "heading",
                            "elType": "widget"
                        },
                        {
                            "id": "47bbfeda",
                            "settings": {
                                "width": {
                                    "unit": "px",
                                    "size": "140",
                                    "sizes": []
                                },
                                "text": "Divider",
                                "weight": {
                                    "unit": "px",
                                    "size": "6",
                                    "sizes": []
                                },
                                "pattern_height": {
                                    "unit": "px",
                                    "size": "",
                                    "sizes": []
                                },
                                "pattern_size": {
                                    "unit": "px",
                                    "size": "",
                                    "sizes": []
                                },
                                "gap": {
                                    "unit": "px",
                                    "size": "16",
                                    "sizes": []
                                },
                                "align": "center",
                                "align_mobile": "center",
                                "__globals__": {
                                    "color": "globals\/colors?id=secondary"
                                }
                            },
                            "elements": [],
                            "isInner": false,
                            "widgetType": "divider",
                            "elType": "widget"
                        },
                        {
                            "id": "1fd5b979",
                            "settings": {
                                "space": {
                                    "unit": "px",
                                    "size": "24",
                                    "sizes": []
                                },
                                "space_mobile": {
                                    "unit": "px",
                                    "size": "10",
                                    "sizes": []
                                }
                            },
                            "elements": [],
                            "isInner": false,
                            "widgetType": "spacer",
                            "elType": "widget"
                        },
                        {
                            "id": "22e51c0d",
                            "settings": {
                                "structure": "30"
                            },
                            "elements": [
                                {
                                    "id": "37e5053d",
                                    "settings": {
                                        "_column_size": "33",
                                        "margin": {
                                            "unit": "em",
                                            "top": "0",
                                            "right": "1",
                                            "bottom": "0",
                                            "left": "0",
                                            "isLinked": ""
                                        },
                                        "animation": "fadeInRight",
                                        "animation_duration": "fast",
                                        "border_radius": {
                                            "unit": "px",
                                            "top": "10",
                                            "right": "10",
                                            "bottom": "10",
                                            "left": "10",
                                            "isLinked": "1"
                                        },
                                        "margin_mobile": {
                                            "unit": "px",
                                            "top": "0",
                                            "right": "0",
                                            "bottom": "0",
                                            "left": "0",
                                            "isLinked": ""
                                        },
                                        "padding_mobile": {
                                            "unit": "px",
                                            "top": "0",
                                            "right": "0",
                                            "bottom": "0",
                                            "left": "0",
                                            "isLinked": ""
                                        }
                                    },
                                    "elements": [
                                        {
                                            "id": "6854a594",
                                            "settings": {
                                                "title_text": "Adam Leno",
                                                "description_text": "CEO UrbanTech",
                                                "image": {
                                                    "id": "277",
                                                    "url": "https:\/\/templatekit.tokomoo.com\/eventkit\/wp-content\/uploads\/sites\/41\/2021\/11\/Speaker-1.jpg",
                                                    "alt": "",
                                                    "source": "library"
                                                },
                                                "image_space": {
                                                    "unit": "px",
                                                    "size": "20",
                                                    "sizes": []
                                                },
                                                "image_size": {
                                                    "unit": "%",
                                                    "size": "100",
                                                    "sizes": []
                                                },
                                                "text_align": "center",
                                                "content_vertical_alignment": "middle",
                                                "title_bottom_space": {
                                                    "unit": "px",
                                                    "size": "8",
                                                    "sizes": []
                                                },
                                                "_padding": {
                                                    "unit": "em",
                                                    "top": "0",
                                                    "right": "0",
                                                    "bottom": "0",
                                                    "left": "0",
                                                    "isLinked": ""
                                                },
                                                "_background_background": "classic",
                                                "_border_radius": {
                                                    "unit": "px",
                                                    "top": "10",
                                                    "right": "10",
                                                    "bottom": "10",
                                                    "left": "10",
                                                    "isLinked": "1"
                                                },
                                                "link": {
                                                    "url": "#",
                                                    "is_external": "",
                                                    "nofollow": ""
                                                },
                                                "image_opacity": {
                                                    "unit": "px",
                                                    "size": "1",
                                                    "sizes": []
                                                },
                                                "image_opacity_hover": {
                                                    "unit": "px",
                                                    "size": "0.7",
                                                    "sizes": []
                                                },
                                                "title_size": "h5",
                                                "__globals__": {
                                                    "_background_color": "globals\/colors?id=primary"
                                                },
                                                "image_border_radius": {
                                                    "unit": "px",
                                                    "size": "10",
                                                    "sizes": []
                                                }
                                            },
                                            "elements": [],
                                            "isInner": false,
                                            "widgetType": "image-box",
                                            "elType": "widget"
                                        },
                                        {
                                            "id": "46be492b",
                                            "settings": {
                                                "social_icon_list": [
                                                    {
                                                        "social_icon": {
                                                            "value": "fab fa-facebook",
                                                            "library": "fa-brands"
                                                        },
                                                        "_id": "0bbc1ed"
                                                    },
                                                    {
                                                        "social_icon": {
                                                            "value": "fab fa-twitter",
                                                            "library": "fa-brands"
                                                        },
                                                        "_id": "ddfa7b6"
                                                    },
                                                    {
                                                        "social_icon": {
                                                            "value": "fab fa-instagram",
                                                            "library": "fa-brands"
                                                        },
                                                        "_id": "703f734"
                                                    }
                                                ],
                                                "shape": "circle",
                                                "icon_color": "custom",
                                                "icon_size": {
                                                    "unit": "px",
                                                    "size": "18",
                                                    "sizes": []
                                                },
                                                "icon_padding": {
                                                    "unit": "em",
                                                    "size": "0.8",
                                                    "sizes": []
                                                },
                                                "icon_spacing": {
                                                    "unit": "px",
                                                    "size": "18",
                                                    "sizes": []
                                                },
                                                "align_mobile": "center",
                                                "hover_animation": "shrink",
                                                "__globals__": {
                                                    "icon_secondary_color": "globals\/colors?id=secondary",
                                                    "icon_primary_color": "globals\/colors?id=accent"
                                                }
                                            },
                                            "elements": [],
                                            "isInner": false,
                                            "widgetType": "social-icons",
                                            "elType": "widget"
                                        }
                                    ],
                                    "isInner": "1",
                                    "elType": "column"
                                },
                                {
                                    "id": "402b6188",
                                    "settings": {
                                        "_column_size": "33",
                                        "margin": {
                                            "unit": "em",
                                            "top": "0",
                                            "right": "0.5",
                                            "bottom": "0",
                                            "left": "0.5",
                                            "isLinked": ""
                                        },
                                        "animation": "fadeInRight",
                                        "border_radius": {
                                            "unit": "px",
                                            "top": "10",
                                            "right": "10",
                                            "bottom": "10",
                                            "left": "10",
                                            "isLinked": "1"
                                        },
                                        "margin_mobile": {
                                            "unit": "em",
                                            "top": "2",
                                            "right": "0",
                                            "bottom": "0",
                                            "left": "0",
                                            "isLinked": ""
                                        },
                                        "padding_mobile": {
                                            "unit": "px",
                                            "top": "0",
                                            "right": "0",
                                            "bottom": "0",
                                            "left": "0",
                                            "isLinked": ""
                                        }
                                    },
                                    "elements": [
                                        {
                                            "id": "43977dcc",
                                            "settings": {
                                                "title_text": "Anne Claire",
                                                "description_text": "CEO IndoTech Ltd",
                                                "image": {
                                                    "id": "278",
                                                    "url": "https:\/\/templatekit.tokomoo.com\/eventkit\/wp-content\/uploads\/sites\/41\/2021\/11\/Speaker-2.jpg",
                                                    "alt": "",
                                                    "source": "library"
                                                },
                                                "image_space": {
                                                    "unit": "px",
                                                    "size": "20",
                                                    "sizes": []
                                                },
                                                "image_size": {
                                                    "unit": "%",
                                                    "size": "100",
                                                    "sizes": []
                                                },
                                                "text_align": "center",
                                                "content_vertical_alignment": "middle",
                                                "title_bottom_space": {
                                                    "unit": "px",
                                                    "size": "8",
                                                    "sizes": []
                                                },
                                                "_padding": {
                                                    "unit": "em",
                                                    "top": "0",
                                                    "right": "0",
                                                    "bottom": "0",
                                                    "left": "0",
                                                    "isLinked": ""
                                                },
                                                "_background_background": "classic",
                                                "_border_radius": {
                                                    "unit": "px",
                                                    "top": "10",
                                                    "right": "10",
                                                    "bottom": "10",
                                                    "left": "10",
                                                    "isLinked": "1"
                                                },
                                                "link": {
                                                    "url": "#",
                                                    "is_external": "",
                                                    "nofollow": ""
                                                },
                                                "image_opacity": {
                                                    "unit": "px",
                                                    "size": "1",
                                                    "sizes": []
                                                },
                                                "image_opacity_hover": {
                                                    "unit": "px",
                                                    "size": "0.7",
                                                    "sizes": []
                                                },
                                                "title_size": "h5",
                                                "__globals__": {
                                                    "_background_color": "globals\/colors?id=primary"
                                                },
                                                "image_border_radius": {
                                                    "unit": "px",
                                                    "size": "10",
                                                    "sizes": []
                                                }
                                            },
                                            "elements": [],
                                            "isInner": false,
                                            "widgetType": "image-box",
                                            "elType": "widget"
                                        },
                                        {
                                            "id": "69ed4136",
                                            "settings": {
                                                "social_icon_list": [
                                                    {
                                                        "social_icon": {
                                                            "value": "fab fa-facebook",
                                                            "library": "fa-brands"
                                                        },
                                                        "_id": "0bbc1ed"
                                                    },
                                                    {
                                                        "social_icon": {
                                                            "value": "fab fa-twitter",
                                                            "library": "fa-brands"
                                                        },
                                                        "_id": "ddfa7b6"
                                                    },
                                                    {
                                                        "social_icon": {
                                                            "value": "fab fa-instagram",
                                                            "library": "fa-brands"
                                                        },
                                                        "_id": "703f734"
                                                    }
                                                ],
                                                "shape": "circle",
                                                "icon_color": "custom",
                                                "icon_size": {
                                                    "unit": "px",
                                                    "size": "18",
                                                    "sizes": []
                                                },
                                                "icon_padding": {
                                                    "unit": "em",
                                                    "size": "0.8",
                                                    "sizes": []
                                                },
                                                "icon_spacing": {
                                                    "unit": "px",
                                                    "size": "18",
                                                    "sizes": []
                                                },
                                                "align_mobile": "center",
                                                "hover_animation": "shrink",
                                                "__globals__": {
                                                    "icon_secondary_color": "globals\/colors?id=secondary",
                                                    "icon_primary_color": "globals\/colors?id=accent"
                                                }
                                            },
                                            "elements": [],
                                            "isInner": false,
                                            "widgetType": "social-icons",
                                            "elType": "widget"
                                        }
                                    ],
                                    "isInner": "1",
                                    "elType": "column"
                                },
                                {
                                    "id": "60556d50",
                                    "settings": {
                                        "_column_size": "33",
                                        "margin": {
                                            "unit": "em",
                                            "top": "0",
                                            "right": "0",
                                            "bottom": "0",
                                            "left": "1",
                                            "isLinked": ""
                                        },
                                        "animation": "fadeInRight",
                                        "animation_duration": "slow",
                                        "border_radius": {
                                            "unit": "px",
                                            "top": "10",
                                            "right": "10",
                                            "bottom": "10",
                                            "left": "10",
                                            "isLinked": "1"
                                        },
                                        "margin_mobile": {
                                            "unit": "em",
                                            "top": "2",
                                            "right": "0",
                                            "bottom": "0",
                                            "left": "0",
                                            "isLinked": ""
                                        },
                                        "padding_mobile": {
                                            "unit": "px",
                                            "top": "0",
                                            "right": "0",
                                            "bottom": "0",
                                            "left": "0",
                                            "isLinked": ""
                                        }
                                    },
                                    "elements": [
                                        {
                                            "id": "1d459420",
                                            "settings": {
                                                "title_text": "Garrett Ventura",
                                                "description_text": "CEO Unicorn",
                                                "image": {
                                                    "id": "279",
                                                    "url": "https:\/\/templatekit.tokomoo.com\/eventkit\/wp-content\/uploads\/sites\/41\/2021\/11\/Speaker-3.jpg",
                                                    "alt": "",
                                                    "source": "library"
                                                },
                                                "image_space": {
                                                    "unit": "px",
                                                    "size": "20",
                                                    "sizes": []
                                                },
                                                "image_size": {
                                                    "unit": "%",
                                                    "size": "100",
                                                    "sizes": []
                                                },
                                                "text_align": "center",
                                                "content_vertical_alignment": "middle",
                                                "title_bottom_space": {
                                                    "unit": "px",
                                                    "size": "8",
                                                    "sizes": []
                                                },
                                                "_padding": {
                                                    "unit": "em",
                                                    "top": "0",
                                                    "right": "0",
                                                    "bottom": "0",
                                                    "left": "0",
                                                    "isLinked": ""
                                                },
                                                "_background_background": "classic",
                                                "_border_radius": {
                                                    "unit": "px",
                                                    "top": "10",
                                                    "right": "10",
                                                    "bottom": "10",
                                                    "left": "10",
                                                    "isLinked": "1"
                                                },
                                                "link": {
                                                    "url": "#",
                                                    "is_external": "",
                                                    "nofollow": ""
                                                },
                                                "image_opacity": {
                                                    "unit": "px",
                                                    "size": "1",
                                                    "sizes": []
                                                },
                                                "image_opacity_hover": {
                                                    "unit": "px",
                                                    "size": "0.7",
                                                    "sizes": []
                                                },
                                                "title_size": "h5",
                                                "__globals__": {
                                                    "_background_color": "globals\/colors?id=primary"
                                                },
                                                "image_border_radius": {
                                                    "unit": "px",
                                                    "size": "10",
                                                    "sizes": []
                                                }
                                            },
                                            "elements": [],
                                            "isInner": false,
                                            "widgetType": "image-box",
                                            "elType": "widget"
                                        },
                                        {
                                            "id": "334a7746",
                                            "settings": {
                                                "social_icon_list": [
                                                    {
                                                        "social_icon": {
                                                            "value": "fab fa-facebook",
                                                            "library": "fa-brands"
                                                        },
                                                        "_id": "0bbc1ed"
                                                    },
                                                    {
                                                        "social_icon": {
                                                            "value": "fab fa-twitter",
                                                            "library": "fa-brands"
                                                        },
                                                        "_id": "ddfa7b6"
                                                    },
                                                    {
                                                        "social_icon": {
                                                            "value": "fab fa-instagram",
                                                            "library": "fa-brands"
                                                        },
                                                        "_id": "703f734"
                                                    }
                                                ],
                                                "shape": "circle",
                                                "icon_color": "custom",
                                                "icon_size": {
                                                    "unit": "px",
                                                    "size": "18",
                                                    "sizes": []
                                                },
                                                "icon_padding": {
                                                    "unit": "em",
                                                    "size": "0.8",
                                                    "sizes": []
                                                },
                                                "icon_spacing": {
                                                    "unit": "px",
                                                    "size": "18",
                                                    "sizes": []
                                                },
                                                "align_mobile": "center",
                                                "hover_animation": "shrink",
                                                "__globals__": {
                                                    "icon_secondary_color": "globals\/colors?id=secondary",
                                                    "icon_primary_color": "globals\/colors?id=accent"
                                                }
                                            },
                                            "elements": [],
                                            "isInner": false,
                                            "widgetType": "social-icons",
                                            "elType": "widget"
                                        }
                                    ],
                                    "isInner": "1",
                                    "elType": "column"
                                }
                            ],
                            "isInner": "1",
                            "elType": "section"
                        },
                        {
                            "id": "10ad1739",
                            "settings": {
                                "structure": "30",
                                "margin": {
                                    "unit": "em",
                                    "top": "2",
                                    "right": "0",
                                    "bottom": "0",
                                    "left": "0",
                                    "isLinked": ""
                                }
                            },
                            "elements": [
                                {
                                    "id": "70c29114",
                                    "settings": {
                                        "_column_size": "33",
                                        "margin": {
                                            "unit": "em",
                                            "top": "0",
                                            "right": "1",
                                            "bottom": "0",
                                            "left": "0",
                                            "isLinked": ""
                                        },
                                        "animation": "fadeInLeft",
                                        "animation_duration": "slow",
                                        "border_radius": {
                                            "unit": "px",
                                            "top": "10",
                                            "right": "10",
                                            "bottom": "10",
                                            "left": "10",
                                            "isLinked": "1"
                                        },
                                        "margin_mobile": {
                                            "unit": "px",
                                            "top": "0",
                                            "right": "0",
                                            "bottom": "0",
                                            "left": "0",
                                            "isLinked": ""
                                        },
                                        "padding_mobile": {
                                            "unit": "px",
                                            "top": "0",
                                            "right": "0",
                                            "bottom": "0",
                                            "left": "0",
                                            "isLinked": ""
                                        }
                                    },
                                    "elements": [
                                        {
                                            "id": "5f19ff0b",
                                            "settings": {
                                                "title_text": "Kevin Diks",
                                                "description_text": "CEO Ultra Tech",
                                                "image": {
                                                    "id": "853",
                                                    "url": "https:\/\/templatekit.tokomoo.com\/eventkit\/wp-content\/uploads\/sites\/41\/2021\/11\/young-man-with-tablet-standing-in-botanical-garden-2021-08-27-17-58-25-utc.jpg",
                                                    "alt": "",
                                                    "source": "library"
                                                },
                                                "image_space": {
                                                    "unit": "px",
                                                    "size": "20",
                                                    "sizes": []
                                                },
                                                "image_size": {
                                                    "unit": "%",
                                                    "size": "100",
                                                    "sizes": []
                                                },
                                                "text_align": "center",
                                                "content_vertical_alignment": "middle",
                                                "title_bottom_space": {
                                                    "unit": "px",
                                                    "size": "8",
                                                    "sizes": []
                                                },
                                                "_padding": {
                                                    "unit": "em",
                                                    "top": "0",
                                                    "right": "0",
                                                    "bottom": "0",
                                                    "left": "0",
                                                    "isLinked": ""
                                                },
                                                "_background_background": "classic",
                                                "_border_radius": {
                                                    "unit": "px",
                                                    "top": "10",
                                                    "right": "10",
                                                    "bottom": "10",
                                                    "left": "10",
                                                    "isLinked": "1"
                                                },
                                                "link": {
                                                    "url": "#",
                                                    "is_external": "",
                                                    "nofollow": ""
                                                },
                                                "image_opacity": {
                                                    "unit": "px",
                                                    "size": "1",
                                                    "sizes": []
                                                },
                                                "image_opacity_hover": {
                                                    "unit": "px",
                                                    "size": "0.7",
                                                    "sizes": []
                                                },
                                                "title_size": "h5",
                                                "__globals__": {
                                                    "_background_color": "globals\/colors?id=primary"
                                                },
                                                "image_border_radius": {
                                                    "unit": "px",
                                                    "size": "10",
                                                    "sizes": []
                                                }
                                            },
                                            "elements": [],
                                            "isInner": false,
                                            "widgetType": "image-box",
                                            "elType": "widget"
                                        },
                                        {
                                            "id": "4c1b74e0",
                                            "settings": {
                                                "social_icon_list": [
                                                    {
                                                        "social_icon": {
                                                            "value": "fab fa-facebook",
                                                            "library": "fa-brands"
                                                        },
                                                        "_id": "0bbc1ed"
                                                    },
                                                    {
                                                        "social_icon": {
                                                            "value": "fab fa-twitter",
                                                            "library": "fa-brands"
                                                        },
                                                        "_id": "ddfa7b6"
                                                    },
                                                    {
                                                        "social_icon": {
                                                            "value": "fab fa-instagram",
                                                            "library": "fa-brands"
                                                        },
                                                        "_id": "703f734"
                                                    }
                                                ],
                                                "shape": "circle",
                                                "icon_color": "custom",
                                                "icon_size": {
                                                    "unit": "px",
                                                    "size": "18",
                                                    "sizes": []
                                                },
                                                "icon_padding": {
                                                    "unit": "em",
                                                    "size": "0.8",
                                                    "sizes": []
                                                },
                                                "icon_spacing": {
                                                    "unit": "px",
                                                    "size": "18",
                                                    "sizes": []
                                                },
                                                "align_mobile": "center",
                                                "hover_animation": "shrink",
                                                "__globals__": {
                                                    "icon_secondary_color": "globals\/colors?id=secondary",
                                                    "icon_primary_color": "globals\/colors?id=accent"
                                                }
                                            },
                                            "elements": [],
                                            "isInner": false,
                                            "widgetType": "social-icons",
                                            "elType": "widget"
                                        }
                                    ],
                                    "isInner": "1",
                                    "elType": "column"
                                },
                                {
                                    "id": "441a8f24",
                                    "settings": {
                                        "_column_size": "33",
                                        "margin": {
                                            "unit": "em",
                                            "top": "0",
                                            "right": "0.5",
                                            "bottom": "0",
                                            "left": "0.5",
                                            "isLinked": ""
                                        },
                                        "animation": "fadeInLeft",
                                        "border_radius": {
                                            "unit": "px",
                                            "top": "10",
                                            "right": "10",
                                            "bottom": "10",
                                            "left": "10",
                                            "isLinked": "1"
                                        },
                                        "margin_mobile": {
                                            "unit": "em",
                                            "top": "2",
                                            "right": "0",
                                            "bottom": "0",
                                            "left": "0",
                                            "isLinked": ""
                                        },
                                        "padding_mobile": {
                                            "unit": "px",
                                            "top": "0",
                                            "right": "0",
                                            "bottom": "0",
                                            "left": "0",
                                            "isLinked": ""
                                        }
                                    },
                                    "elements": [
                                        {
                                            "id": "4be4e3da",
                                            "settings": {
                                                "title_text": "Lara Cloft",
                                                "description_text": "CEO Triangle ",
                                                "image": {
                                                    "id": "851",
                                                    "url": "https:\/\/templatekit.tokomoo.com\/eventkit\/wp-content\/uploads\/sites\/41\/2021\/11\/business-woman-standing-outside-office-buildings-2021-08-28-11-01-31-utc.jpg",
                                                    "alt": "",
                                                    "source": "library"
                                                },
                                                "image_space": {
                                                    "unit": "px",
                                                    "size": "20",
                                                    "sizes": []
                                                },
                                                "image_size": {
                                                    "unit": "%",
                                                    "size": "100",
                                                    "sizes": []
                                                },
                                                "text_align": "center",
                                                "content_vertical_alignment": "middle",
                                                "title_bottom_space": {
                                                    "unit": "px",
                                                    "size": "8",
                                                    "sizes": []
                                                },
                                                "_padding": {
                                                    "unit": "em",
                                                    "top": "0",
                                                    "right": "0",
                                                    "bottom": "0",
                                                    "left": "0",
                                                    "isLinked": ""
                                                },
                                                "_background_background": "classic",
                                                "_border_radius": {
                                                    "unit": "px",
                                                    "top": "10",
                                                    "right": "10",
                                                    "bottom": "10",
                                                    "left": "10",
                                                    "isLinked": "1"
                                                },
                                                "link": {
                                                    "url": "#",
                                                    "is_external": "",
                                                    "nofollow": ""
                                                },
                                                "image_opacity": {
                                                    "unit": "px",
                                                    "size": "1",
                                                    "sizes": []
                                                },
                                                "image_opacity_hover": {
                                                    "unit": "px",
                                                    "size": "0.7",
                                                    "sizes": []
                                                },
                                                "title_size": "h5",
                                                "__globals__": {
                                                    "_background_color": "globals\/colors?id=primary"
                                                },
                                                "image_border_radius": {
                                                    "unit": "px",
                                                    "size": "10",
                                                    "sizes": []
                                                }
                                            },
                                            "elements": [],
                                            "isInner": false,
                                            "widgetType": "image-box",
                                            "elType": "widget"
                                        },
                                        {
                                            "id": "3adaae84",
                                            "settings": {
                                                "social_icon_list": [
                                                    {
                                                        "social_icon": {
                                                            "value": "fab fa-facebook",
                                                            "library": "fa-brands"
                                                        },
                                                        "_id": "0bbc1ed"
                                                    },
                                                    {
                                                        "social_icon": {
                                                            "value": "fab fa-twitter",
                                                            "library": "fa-brands"
                                                        },
                                                        "_id": "ddfa7b6"
                                                    },
                                                    {
                                                        "social_icon": {
                                                            "value": "fab fa-instagram",
                                                            "library": "fa-brands"
                                                        },
                                                        "_id": "703f734"
                                                    }
                                                ],
                                                "shape": "circle",
                                                "icon_color": "custom",
                                                "icon_size": {
                                                    "unit": "px",
                                                    "size": "18",
                                                    "sizes": []
                                                },
                                                "icon_padding": {
                                                    "unit": "em",
                                                    "size": "0.8",
                                                    "sizes": []
                                                },
                                                "icon_spacing": {
                                                    "unit": "px",
                                                    "size": "18",
                                                    "sizes": []
                                                },
                                                "align_mobile": "center",
                                                "hover_animation": "shrink",
                                                "__globals__": {
                                                    "icon_secondary_color": "globals\/colors?id=secondary",
                                                    "icon_primary_color": "globals\/colors?id=accent"
                                                }
                                            },
                                            "elements": [],
                                            "isInner": false,
                                            "widgetType": "social-icons",
                                            "elType": "widget"
                                        }
                                    ],
                                    "isInner": "1",
                                    "elType": "column"
                                },
                                {
                                    "id": "6a2d3f48",
                                    "settings": {
                                        "_column_size": "33",
                                        "margin": {
                                            "unit": "em",
                                            "top": "0",
                                            "right": "0",
                                            "bottom": "0",
                                            "left": "1",
                                            "isLinked": ""
                                        },
                                        "animation": "fadeInLeft",
                                        "animation_duration": "fast",
                                        "border_radius": {
                                            "unit": "px",
                                            "top": "10",
                                            "right": "10",
                                            "bottom": "10",
                                            "left": "10",
                                            "isLinked": "1"
                                        },
                                        "margin_mobile": {
                                            "unit": "em",
                                            "top": "2",
                                            "right": "0",
                                            "bottom": "0",
                                            "left": "0",
                                            "isLinked": ""
                                        },
                                        "padding_mobile": {
                                            "unit": "px",
                                            "top": "0",
                                            "right": "0",
                                            "bottom": "0",
                                            "left": "0",
                                            "isLinked": ""
                                        }
                                    },
                                    "elements": [
                                        {
                                            "id": "390a1452",
                                            "settings": {
                                                "title_text": "Robert Dawn",
                                                "description_text": "CEO Quad Drive",
                                                "image": {
                                                    "id": "852",
                                                    "url": "https:\/\/templatekit.tokomoo.com\/eventkit\/wp-content\/uploads\/sites\/41\/2021\/11\/pleased-handsome-business-man-near-business-center-2021-08-29-02-45-34-utc.jpg",
                                                    "alt": "",
                                                    "source": "library"
                                                },
                                                "image_space": {
                                                    "unit": "px",
                                                    "size": "20",
                                                    "sizes": []
                                                },
                                                "image_size": {
                                                    "unit": "%",
                                                    "size": "100",
                                                    "sizes": []
                                                },
                                                "text_align": "center",
                                                "content_vertical_alignment": "middle",
                                                "title_bottom_space": {
                                                    "unit": "px",
                                                    "size": "8",
                                                    "sizes": []
                                                },
                                                "_padding": {
                                                    "unit": "em",
                                                    "top": "0",
                                                    "right": "0",
                                                    "bottom": "0",
                                                    "left": "0",
                                                    "isLinked": ""
                                                },
                                                "_background_background": "classic",
                                                "_border_radius": {
                                                    "unit": "px",
                                                    "top": "10",
                                                    "right": "10",
                                                    "bottom": "10",
                                                    "left": "10",
                                                    "isLinked": "1"
                                                },
                                                "link": {
                                                    "url": "#",
                                                    "is_external": "",
                                                    "nofollow": ""
                                                },
                                                "image_opacity": {
                                                    "unit": "px",
                                                    "size": "1",
                                                    "sizes": []
                                                },
                                                "image_opacity_hover": {
                                                    "unit": "px",
                                                    "size": "0.7",
                                                    "sizes": []
                                                },
                                                "title_size": "h5",
                                                "__globals__": {
                                                    "_background_color": "globals\/colors?id=primary"
                                                },
                                                "image_border_radius": {
                                                    "unit": "px",
                                                    "size": "10",
                                                    "sizes": []
                                                }
                                            },
                                            "elements": [],
                                            "isInner": false,
                                            "widgetType": "image-box",
                                            "elType": "widget"
                                        },
                                        {
                                            "id": "318d7967",
                                            "settings": {
                                                "social_icon_list": [
                                                    {
                                                        "social_icon": {
                                                            "value": "fab fa-facebook",
                                                            "library": "fa-brands"
                                                        },
                                                        "_id": "0bbc1ed"
                                                    },
                                                    {
                                                        "social_icon": {
                                                            "value": "fab fa-twitter",
                                                            "library": "fa-brands"
                                                        },
                                                        "_id": "ddfa7b6"
                                                    },
                                                    {
                                                        "social_icon": {
                                                            "value": "fab fa-instagram",
                                                            "library": "fa-brands"
                                                        },
                                                        "_id": "703f734"
                                                    }
                                                ],
                                                "shape": "circle",
                                                "icon_color": "custom",
                                                "icon_size": {
                                                    "unit": "px",
                                                    "size": "18",
                                                    "sizes": []
                                                },
                                                "icon_padding": {
                                                    "unit": "em",
                                                    "size": "0.8",
                                                    "sizes": []
                                                },
                                                "icon_spacing": {
                                                    "unit": "px",
                                                    "size": "18",
                                                    "sizes": []
                                                },
                                                "align_mobile": "center",
                                                "hover_animation": "shrink",
                                                "__globals__": {
                                                    "icon_secondary_color": "globals\/colors?id=secondary",
                                                    "icon_primary_color": "globals\/colors?id=accent"
                                                }
                                            },
                                            "elements": [],
                                            "isInner": false,
                                            "widgetType": "social-icons",
                                            "elType": "widget"
                                        }
                                    ],
                                    "isInner": "1",
                                    "elType": "column"
                                }
                            ],
                            "isInner": "1",
                            "elType": "section"
                        }
                    ],
                    "isInner": "",
                    "elType": "column"
                }
            ],
            "isInner": "",
            "elType": "section"
        },
        {
            "id": "5dbd2aaa",
            "settings": {
                "structure": "22",
                "padding": {
                    "unit": "em",
                    "top": "8",
                    "right": "0",
                    "bottom": "8",
                    "left": "0",
                    "isLinked": ""
                },
                "content_position": "middle",
                "background_background": "classic",
                "background_image": {
                    "id": "361",
                    "url": "https:\/\/templatekit.tokomoo.com\/eventkit\/wp-content\/uploads\/sites\/41\/2021\/11\/smiling-young-businesswoman-speaking-at-conference-2021-09-24-04-04-38-utc-1.jpg",
                    "alt": "",
                    "source": "library"
                },
                "background_position": "center center",
                "background_attachment": "scroll",
                "background_size": "cover",
                "background_overlay_background": "classic",
                "background_overlay_opacity": {
                    "unit": "px",
                    "size": "0.87",
                    "sizes": []
                },
                "padding_mobile": {
                    "unit": "em",
                    "top": "",
                    "right": "",
                    "bottom": "",
                    "left": "",
                    "isLinked": "1"
                },
                "background_image_mobile": {
                    "url": "https:\/\/templatekit.tokopress.com\/eventkit\/wp-content\/uploads\/sites\/3\/2020\/02\/male-speaker-speak-to-diverse-business-people-in-YLUE4PT.jpg",
                    "id": "197"
                },
                "padding_tablet": {
                    "unit": "em",
                    "top": "6",
                    "right": "1",
                    "bottom": "6",
                    "left": "1",
                    "isLinked": ""
                },
                "__globals__": {
                    "background_color": "globals\/colors?id=primary",
                    "background_overlay_color": "globals\/colors?id=primary"
                },
                "_title": "Call to Action"
            },
            "elements": [
                {
                    "id": "205de99a",
                    "settings": {
                        "_column_size": "66",
                        "_inline_size": "50",
                        "margin_mobile": {
                            "unit": "px",
                            "top": "0",
                            "right": "0",
                            "bottom": "50",
                            "left": "0",
                            "isLinked": ""
                        },
                        "padding_mobile": {
                            "unit": "px",
                            "top": "0",
                            "right": "0",
                            "bottom": "0",
                            "left": "0",
                            "isLinked": "1"
                        },
                        "animation": "fadeInLeft",
                        "animation_duration": "slow"
                    },
                    "elements": [
                        {
                            "id": "524bda23",
                            "settings": {
                                "title": "Witness The Biggest Tech Event in 2021",
                                "title_color": "#ffffff",
                                "align_mobile": "center",
                                "typography_font_size_mobile": {
                                    "unit": "px",
                                    "size": "40",
                                    "sizes": []
                                }
                            },
                            "elements": [],
                            "isInner": false,
                            "widgetType": "heading",
                            "elType": "widget"
                        },
                        {
                            "id": "1bbd2426",
                            "settings": {
                                "editor": "<p>Lorem ipsum dolor sit amet, consectetur adipisci elit, sed do eiusmod tempor incididunt ut labore et dolore magna aliqua.\u00a0<\/p>",
                                "typography_font_family": "Poppins",
                                "typography_font_size": {
                                    "unit": "px",
                                    "size": "14",
                                    "sizes": []
                                },
                                "typography_font_weight": "300",
                                "typography_line_height": {
                                    "unit": "px",
                                    "size": "26",
                                    "sizes": []
                                },
                                "typography_letter_spacing": {
                                    "unit": "px",
                                    "size": "0.5",
                                    "sizes": []
                                },
                                "_padding": {
                                    "unit": "em",
                                    "top": "",
                                    "right": "",
                                    "bottom": "",
                                    "left": "",
                                    "isLinked": "1"
                                },
                                "_padding_mobile": {
                                    "unit": "px",
                                    "top": "0",
                                    "right": "0",
                                    "bottom": "0",
                                    "left": "0",
                                    "isLinked": ""
                                },
                                "_margin_tablet": {
                                    "unit": "px",
                                    "top": "0",
                                    "right": "0",
                                    "bottom": "0",
                                    "left": "0",
                                    "isLinked": ""
                                },
                                "_padding_tablet": {
                                    "unit": "px",
                                    "top": "0",
                                    "right": "0",
                                    "bottom": "0",
                                    "left": "0",
                                    "isLinked": ""
                                },
                                "align_mobile": "center"
                            },
                            "elements": [],
                            "isInner": false,
                            "widgetType": "text-editor",
                            "elType": "widget"
                        }
                    ],
                    "isInner": "",
                    "elType": "column"
                },
                {
                    "id": "1f5b5a87",
                    "settings": {
                        "_column_size": "33",
                        "_inline_size": "49.303",
                        "padding_mobile": {
                            "unit": "px",
                            "top": "0",
                            "right": "0",
                            "bottom": "0",
                            "left": "0",
                            "isLinked": "1"
                        },
                        "animation": "fadeInRight",
                        "animation_duration": "slow"
                    },
                    "elements": [
                        {
                            "id": "1183c01e",
                            "settings": {
                                "text": "Get ticket",
                                "align": "right",
                                "align_mobile": "justify",
                                "hover_animation": "float"
                            },
                            "elements": [],
                            "isInner": false,
                            "widgetType": "button",
                            "elType": "widget"
                        }
                    ],
                    "isInner": "",
                    "elType": "column"
                }
            ],
            "isInner": "",
            "elType": "section"
        }
    ]
}