{
    "version": "0.4",
    "title": "Speaker Detail",
    "type": "page",
    "metadata": {
        "template_type": "single-page",
        "include_in_zip": "1",
        "elementor_pro_required": "1",
        "wp_page_template": "elementor_canvas"
    },
    "content": [
        {
            "id": "1c742060",
            "settings": {
                "padding": {
                    "unit": "em",
                    "top": "8",
                    "right": "0",
                    "bottom": "8",
                    "left": "0",
                    "isLinked": ""
                },
                "content_position": "middle",
                "background_background": "classic",
                "background_image": {
                    "id": "984",
                    "url": "https:\/\/templatekit.tokomoo.com\/eventkit\/wp-content\/uploads\/sites\/41\/2021\/11\/Hero-Image-9.jpg",
                    "alt": "",
                    "source": "library"
                },
                "background_position": "center center",
                "background_size": "cover",
                "background_overlay_background": "classic",
                "background_overlay_opacity": {
                    "unit": "px",
                    "size": "0.7",
                    "sizes": []
                },
                "background_ypos": {
                    "unit": "px",
                    "size": "-176",
                    "sizes": []
                },
                "background_repeat": "no-repeat",
                "background_position_mobile": "center center",
                "background_xpos_mobile": {
                    "unit": "px",
                    "size": "-8",
                    "sizes": []
                },
                "background_size_mobile": "cover",
                "padding_mobile": {
                    "unit": "em",
                    "top": "7",
                    "right": "1",
                    "bottom": "7",
                    "left": "1",
                    "isLinked": ""
                },
                "background_position_tablet": "center center",
                "background_attachment": "scroll",
                "padding_tablet": {
                    "unit": "em",
                    "top": "6",
                    "right": "1",
                    "bottom": "6",
                    "left": "1",
                    "isLinked": ""
                },
                "__globals__": {
                    "background_overlay_color": "globals\/colors?id=primary"
                },
                "_title": "Page Title"
            },
            "elements": [
                {
                    "id": "ee7a22c",
                    "settings": {
                        "_column_size": "100",
                        "padding_mobile": {
                            "unit": "px",
                            "top": "0",
                            "right": "0",
                            "bottom": "0",
                            "left": "0",
                            "isLinked": "1"
                        },
                        "animation": "fadeInUp",
                        "animation_duration": "slow"
                    },
                    "elements": [
                        {
                            "id": "13ef2ad6",
                            "settings": {
                                "title": "Speaker Detail",
                                "align": "center"
                            },
                            "elements": [],
                            "isInner": false,
                            "widgetType": "heading",
                            "elType": "widget"
                        },
                        {
                            "id": "59ef8278",
                            "settings": {
                                "editor": "<p>The Biggest Event in the World<\/p>",
                                "align": "center",
                                "typography_font_size": {
                                    "unit": "px",
                                    "size": "19",
                                    "sizes": []
                                },
                                "_z_index": "1",
                                "typography_font_size_mobile": {
                                    "unit": "px",
                                    "size": "17",
                                    "sizes": []
                                }
                            },
                            "elements": [],
                            "isInner": false,
                            "widgetType": "text-editor",
                            "elType": "widget"
                        }
                    ],
                    "isInner": "",
                    "elType": "column"
                }
            ],
            "isInner": "",
            "elType": "section"
        },
        {
            "id": "296f504a",
            "settings": {
                "margin": {
                    "unit": "px",
                    "top": "",
                    "right": "0",
                    "bottom": "",
                    "left": "0",
                    "isLinked": "1"
                },
                "padding": {
                    "unit": "em",
                    "top": "8",
                    "right": "0",
                    "bottom": "8",
                    "left": "0",
                    "isLinked": ""
                },
                "margin_mobile": {
                    "unit": "px",
                    "top": "",
                    "right": "0",
                    "bottom": "",
                    "left": "0",
                    "isLinked": "1"
                },
                "padding_tablet": {
                    "unit": "em",
                    "top": "6",
                    "right": "1",
                    "bottom": "6",
                    "left": "1",
                    "isLinked": ""
                },
                "background_background": "classic",
                "__globals__": {
                    "background_color": "globals\/colors?id=primary"
                },
                "_title": "About Speaker"
            },
            "elements": [
                {
                    "id": "2e866ea2",
                    "settings": {
                        "_column_size": "100",
                        "padding_mobile": {
                            "unit": "px",
                            "top": "0",
                            "right": "0",
                            "bottom": "0",
                            "left": "0",
                            "isLinked": ""
                        }
                    },
                    "elements": [
                        {
                            "id": "3f71865f",
                            "settings": {
                                "structure": "20",
                                "padding": {
                                    "unit": "em",
                                    "top": "",
                                    "right": "",
                                    "bottom": "",
                                    "left": "",
                                    "isLinked": "1"
                                },
                                "padding_mobile": {
                                    "unit": "em",
                                    "top": "",
                                    "right": "",
                                    "bottom": "",
                                    "left": "",
                                    "isLinked": "1"
                                },
                                "reverse_order_mobile": "reverse-mobile"
                            },
                            "elements": [
                                {
                                    "id": "766fdcd3",
                                    "settings": {
                                        "_column_size": "50",
                                        "content_position": "center",
                                        "margin": {
                                            "unit": "em",
                                            "top": "0",
                                            "right": "4",
                                            "bottom": "0",
                                            "left": "0",
                                            "isLinked": ""
                                        },
                                        "margin_mobile": {
                                            "unit": "em",
                                            "top": "4",
                                            "right": "0",
                                            "bottom": "0",
                                            "left": "0",
                                            "isLinked": ""
                                        },
                                        "padding_mobile": {
                                            "unit": "px",
                                            "top": "0",
                                            "right": "0",
                                            "bottom": "0",
                                            "left": "0",
                                            "isLinked": ""
                                        },
                                        "margin_tablet": {
                                            "unit": "em",
                                            "top": "0",
                                            "right": "2",
                                            "bottom": "0",
                                            "left": "0",
                                            "isLinked": ""
                                        },
                                        "_inline_size": "60",
                                        "animation": "fadeInLeft",
                                        "animation_duration": "slow"
                                    },
                                    "elements": [
                                        {
                                            "id": "54b0e7f7",
                                            "settings": {
                                                "title": "Adam Leno",
                                                "header_size": "h3",
                                                "align_mobile": "center"
                                            },
                                            "elements": [],
                                            "isInner": false,
                                            "widgetType": "heading",
                                            "elType": "widget"
                                        },
                                        {
                                            "id": "163aa38e",
                                            "settings": {
                                                "title": "CEO UrbanTech",
                                                "header_size": "p",
                                                "align_mobile": "center"
                                            },
                                            "elements": [],
                                            "isInner": false,
                                            "widgetType": "heading",
                                            "elType": "widget"
                                        },
                                        {
                                            "id": "d63561d",
                                            "settings": {
                                                "width": {
                                                    "unit": "px",
                                                    "size": "140",
                                                    "sizes": []
                                                },
                                                "text": "Divider",
                                                "weight": {
                                                    "unit": "px",
                                                    "size": "6",
                                                    "sizes": []
                                                },
                                                "pattern_height": {
                                                    "unit": "px",
                                                    "size": "",
                                                    "sizes": []
                                                },
                                                "pattern_size": {
                                                    "unit": "px",
                                                    "size": "",
                                                    "sizes": []
                                                },
                                                "gap": {
                                                    "unit": "px",
                                                    "size": "16",
                                                    "sizes": []
                                                },
                                                "align": "left",
                                                "align_mobile": "center",
                                                "__globals__": {
                                                    "color": "globals\/colors?id=secondary"
                                                }
                                            },
                                            "elements": [],
                                            "isInner": false,
                                            "widgetType": "divider",
                                            "elType": "widget"
                                        },
                                        {
                                            "id": "259f0891",
                                            "settings": {
                                                "editor": "<p>Dawn Maddox is the co-founder of Buro Staal, a small digital agency in The Netherlands. She believes that a website isn\u2019t the end product, but the start of a process that consists of analyzing and optimizing. Her main focus is getting the best out of every budget to create a userfriendly website that help her clients grow their company.<\/p><p>Be me shall purse my ought times. Joy years doors all would again rooms these. Solicitude announcing as to sufficient my. No my reached suppose proceed pressed perhaps he. Eagerness it delighted pronounce repulsive furniture no. Excuse few the remain highly feebly add people manner say. It high at my mind by roof. No wonder worthy in dinner.<\/p><p>\u00a0<\/p>",
                                                "align_mobile": "center"
                                            },
                                            "elements": [],
                                            "isInner": false,
                                            "widgetType": "text-editor",
                                            "elType": "widget"
                                        },
                                        {
                                            "id": "123ab19b",
                                            "settings": {
                                                "title": "Session: Stepping Back To Move Forward",
                                                "header_size": "h5",
                                                "_element_vertical_align": "center",
                                                "align_mobile": "center",
                                                "__globals__": {
                                                    "title_color": "globals\/colors?id=secondary"
                                                }
                                            },
                                            "elements": [],
                                            "isInner": false,
                                            "widgetType": "heading",
                                            "elType": "widget"
                                        }
                                    ],
                                    "isInner": "1",
                                    "elType": "column"
                                },
                                {
                                    "id": "5e7e0bb7",
                                    "settings": {
                                        "_column_size": "50",
                                        "padding_mobile": {
                                            "unit": "px",
                                            "top": "0",
                                            "right": "0",
                                            "bottom": "0",
                                            "left": "0",
                                            "isLinked": ""
                                        },
                                        "_inline_size": "40"
                                    },
                                    "elements": [
                                        {
                                            "id": "63223722",
                                            "settings": {
                                                "title_text": "",
                                                "description_text": "",
                                                "image": {
                                                    "id": "277",
                                                    "url": "https:\/\/templatekit.tokomoo.com\/eventkit\/wp-content\/uploads\/sites\/41\/2021\/11\/Speaker-1.jpg",
                                                    "alt": "",
                                                    "source": "library"
                                                },
                                                "image_space": {
                                                    "unit": "px",
                                                    "size": "20",
                                                    "sizes": []
                                                },
                                                "image_size": {
                                                    "unit": "%",
                                                    "size": "100",
                                                    "sizes": []
                                                },
                                                "text_align": "center",
                                                "content_vertical_alignment": "middle",
                                                "title_typography_font_family": "Cambay",
                                                "title_typography_font_size": {
                                                    "unit": "px",
                                                    "size": "24",
                                                    "sizes": []
                                                },
                                                "description_typography_typography": "custom",
                                                "description_typography_font_family": "Cabin",
                                                "description_typography_font_size": {
                                                    "unit": "px",
                                                    "size": "16",
                                                    "sizes": []
                                                },
                                                "_background_color": "#ffffff",
                                                "_border_radius": {
                                                    "unit": "%",
                                                    "top": "",
                                                    "right": "",
                                                    "bottom": "",
                                                    "left": "",
                                                    "isLinked": "1"
                                                },
                                                "css_filters_hover_contrast": {
                                                    "unit": "px",
                                                    "size": "44",
                                                    "sizes": []
                                                },
                                                "css_filters_hover_saturate": {
                                                    "unit": "px",
                                                    "size": "200",
                                                    "sizes": []
                                                },
                                                "image_border_radius": {
                                                    "unit": "px",
                                                    "size": "10",
                                                    "sizes": []
                                                }
                                            },
                                            "elements": [],
                                            "isInner": false,
                                            "widgetType": "image-box",
                                            "elType": "widget"
                                        },
                                        {
                                            "id": "3ba6bf7e",
                                            "settings": {
                                                "social_icon_list": [
                                                    {
                                                        "social_icon": {
                                                            "value": "fab fa-facebook",
                                                            "library": "fa-brands"
                                                        },
                                                        "_id": "0bbc1ed"
                                                    },
                                                    {
                                                        "social_icon": {
                                                            "value": "fab fa-twitter",
                                                            "library": "fa-brands"
                                                        },
                                                        "_id": "ddfa7b6"
                                                    },
                                                    {
                                                        "social_icon": {
                                                            "value": "fab fa-instagram",
                                                            "library": "fa-brands"
                                                        },
                                                        "_id": "703f734"
                                                    }
                                                ],
                                                "shape": "circle",
                                                "icon_color": "custom",
                                                "icon_size": {
                                                    "unit": "px",
                                                    "size": "24",
                                                    "sizes": []
                                                },
                                                "icon_padding": {
                                                    "unit": "em",
                                                    "size": "0.8",
                                                    "sizes": []
                                                },
                                                "icon_spacing": {
                                                    "unit": "px",
                                                    "size": "18",
                                                    "sizes": []
                                                },
                                                "align_mobile": "center",
                                                "icon_size_mobile": {
                                                    "unit": "px",
                                                    "size": "18",
                                                    "sizes": []
                                                },
                                                "hover_animation": "shrink",
                                                "__globals__": {
                                                    "icon_secondary_color": "globals\/colors?id=secondary",
                                                    "icon_primary_color": "globals\/colors?id=accent"
                                                }
                                            },
                                            "elements": [],
                                            "isInner": false,
                                            "widgetType": "social-icons",
                                            "elType": "widget"
                                        }
                                    ],
                                    "isInner": "1",
                                    "elType": "column"
                                }
                            ],
                            "isInner": "1",
                            "elType": "section"
                        }
                    ],
                    "isInner": "",
                    "elType": "column"
                }
            ],
            "isInner": "",
            "elType": "section"
        },
        {
            "id": "3f933720",
            "settings": {
                "structure": "22",
                "padding": {
                    "unit": "em",
                    "top": "8",
                    "right": "0",
                    "bottom": "8",
                    "left": "0",
                    "isLinked": ""
                },
                "content_position": "middle",
                "background_background": "classic",
                "background_image": {
                    "id": "361",
                    "url": "https:\/\/templatekit.tokomoo.com\/eventkit\/wp-content\/uploads\/sites\/41\/2021\/11\/smiling-young-businesswoman-speaking-at-conference-2021-09-24-04-04-38-utc-1.jpg",
                    "alt": "",
                    "source": "library"
                },
                "background_position": "center center",
                "background_attachment": "scroll",
                "background_size": "cover",
                "background_overlay_background": "classic",
                "background_overlay_opacity": {
                    "unit": "px",
                    "size": "0.87",
                    "sizes": []
                },
                "padding_mobile": {
                    "unit": "em",
                    "top": "",
                    "right": "",
                    "bottom": "",
                    "left": "",
                    "isLinked": "1"
                },
                "background_image_mobile": {
                    "url": "https:\/\/templatekit.tokopress.com\/eventkit\/wp-content\/uploads\/sites\/3\/2020\/02\/male-speaker-speak-to-diverse-business-people-in-YLUE4PT.jpg",
                    "id": "197"
                },
                "padding_tablet": {
                    "unit": "em",
                    "top": "6",
                    "right": "1",
                    "bottom": "6",
                    "left": "1",
                    "isLinked": ""
                },
                "__globals__": {
                    "background_color": "globals\/colors?id=primary",
                    "background_overlay_color": "globals\/colors?id=primary"
                },
                "_title": "Call to Action"
            },
            "elements": [
                {
                    "id": "6a50eb7a",
                    "settings": {
                        "_column_size": "66",
                        "_inline_size": "50",
                        "margin_mobile": {
                            "unit": "px",
                            "top": "0",
                            "right": "0",
                            "bottom": "50",
                            "left": "0",
                            "isLinked": ""
                        },
                        "padding_mobile": {
                            "unit": "px",
                            "top": "0",
                            "right": "0",
                            "bottom": "0",
                            "left": "0",
                            "isLinked": "1"
                        },
                        "animation": "fadeInLeft",
                        "animation_duration": "slow"
                    },
                    "elements": [
                        {
                            "id": "380723ea",
                            "settings": {
                                "title": "Witness The Biggest Tech Event in 2021",
                                "title_color": "#ffffff",
                                "align_mobile": "center",
                                "typography_font_size_mobile": {
                                    "unit": "px",
                                    "size": "40",
                                    "sizes": []
                                }
                            },
                            "elements": [],
                            "isInner": false,
                            "widgetType": "heading",
                            "elType": "widget"
                        },
                        {
                            "id": "260e4d26",
                            "settings": {
                                "editor": "<p>Lorem ipsum dolor sit amet, consectetur adipisci elit, sed do eiusmod tempor incididunt ut labore et dolore magna aliqua.\u00a0<\/p>",
                                "typography_font_family": "Poppins",
                                "typography_font_size": {
                                    "unit": "px",
                                    "size": "14",
                                    "sizes": []
                                },
                                "typography_font_weight": "300",
                                "typography_line_height": {
                                    "unit": "px",
                                    "size": "26",
                                    "sizes": []
                                },
                                "typography_letter_spacing": {
                                    "unit": "px",
                                    "size": "0.5",
                                    "sizes": []
                                },
                                "_padding": {
                                    "unit": "em",
                                    "top": "",
                                    "right": "",
                                    "bottom": "",
                                    "left": "",
                                    "isLinked": "1"
                                },
                                "_padding_mobile": {
                                    "unit": "px",
                                    "top": "0",
                                    "right": "0",
                                    "bottom": "0",
                                    "left": "0",
                                    "isLinked": ""
                                },
                                "_margin_tablet": {
                                    "unit": "px",
                                    "top": "0",
                                    "right": "0",
                                    "bottom": "0",
                                    "left": "0",
                                    "isLinked": ""
                                },
                                "_padding_tablet": {
                                    "unit": "px",
                                    "top": "0",
                                    "right": "0",
                                    "bottom": "0",
                                    "left": "0",
                                    "isLinked": ""
                                },
                                "align_mobile": "center"
                            },
                            "elements": [],
                            "isInner": false,
                            "widgetType": "text-editor",
                            "elType": "widget"
                        }
                    ],
                    "isInner": "",
                    "elType": "column"
                },
                {
                    "id": "d0354a4",
                    "settings": {
                        "_column_size": "33",
                        "_inline_size": "49.303",
                        "padding_mobile": {
                            "unit": "px",
                            "top": "0",
                            "right": "0",
                            "bottom": "0",
                            "left": "0",
                            "isLinked": "1"
                        },
                        "animation": "fadeInRight",
                        "animation_duration": "slow"
                    },
                    "elements": [
                        {
                            "id": "33521333",
                            "settings": {
                                "text": "Get ticket",
                                "align": "right",
                                "align_mobile": "justify",
                                "hover_animation": "float"
                            },
                            "elements": [],
                            "isInner": false,
                            "widgetType": "button",
                            "elType": "widget"
                        }
                    ],
                    "isInner": "",
                    "elType": "column"
                }
            ],
            "isInner": "",
            "elType": "section"
        },
        {
            "id": "6f6fe8cb",
            "settings": {
                "overflow": "hidden",
                "structure": "20",
                "background_background": "classic",
                "margin": {
                    "unit": "px",
                    "top": "",
                    "right": "0",
                    "bottom": "",
                    "left": "0",
                    "isLinked": "1"
                },
                "padding": {
                    "unit": "em",
                    "top": "8",
                    "right": "0",
                    "bottom": "8",
                    "left": "0",
                    "isLinked": ""
                },
                "margin_mobile": {
                    "unit": "px",
                    "top": "",
                    "right": "0",
                    "bottom": "",
                    "left": "0",
                    "isLinked": "1"
                },
                "margin_tablet": {
                    "unit": "px",
                    "top": "",
                    "right": "0",
                    "bottom": "",
                    "left": "0",
                    "isLinked": "1"
                },
                "padding_tablet": {
                    "unit": "em",
                    "top": "6",
                    "right": "1",
                    "bottom": "6",
                    "left": "1",
                    "isLinked": ""
                },
                "__globals__": {
                    "background_color": "globals\/colors?id=primary",
                    "background_overlay_color": "globals\/colors?id=primary"
                },
                "background_image": {
                    "url": "",
                    "id": "",
                    "alt": "",
                    "source": "library"
                },
                "background_overlay_opacity": {
                    "unit": "px",
                    "size": "0.66",
                    "sizes": []
                },
                "_title": "Contact"
            },
            "elements": [
                {
                    "id": "1889c32f",
                    "settings": {
                        "_column_size": "50",
                        "_inline_size": "60",
                        "padding_mobile": {
                            "unit": "px",
                            "top": "0",
                            "right": "0",
                            "bottom": "0",
                            "left": "0",
                            "isLinked": ""
                        },
                        "margin": {
                            "unit": "em",
                            "top": "0",
                            "right": "12",
                            "bottom": "0",
                            "left": "0",
                            "isLinked": ""
                        },
                        "margin_tablet": {
                            "unit": "em",
                            "top": "0",
                            "right": "4",
                            "bottom": "0",
                            "left": "0",
                            "isLinked": ""
                        },
                        "margin_mobile": {
                            "unit": "px",
                            "top": "0",
                            "right": "0",
                            "bottom": "0",
                            "left": "0",
                            "isLinked": ""
                        }
                    },
                    "elements": [
                        {
                            "id": "28ae3ab6",
                            "settings": {
                                "width": {
                                    "unit": "px",
                                    "size": "140",
                                    "sizes": []
                                },
                                "text": "Divider",
                                "weight": {
                                    "unit": "px",
                                    "size": "6",
                                    "sizes": []
                                },
                                "pattern_height": {
                                    "unit": "px",
                                    "size": "",
                                    "sizes": []
                                },
                                "pattern_size": {
                                    "unit": "px",
                                    "size": "",
                                    "sizes": []
                                },
                                "gap": {
                                    "unit": "px",
                                    "size": "16",
                                    "sizes": []
                                },
                                "align": "left",
                                "align_mobile": "center",
                                "__globals__": {
                                    "color": "globals\/colors?id=secondary"
                                }
                            },
                            "elements": [],
                            "isInner": false,
                            "widgetType": "divider",
                            "elType": "widget"
                        },
                        {
                            "id": "121a0ea0",
                            "settings": {
                                "title": "Event Detail",
                                "header_size": "h6",
                                "align_mobile": "center"
                            },
                            "elements": [],
                            "isInner": false,
                            "widgetType": "heading",
                            "elType": "widget"
                        },
                        {
                            "id": "85f938a",
                            "settings": {
                                "title": "Conference\nin the weekend!",
                                "typography_font_family": "Poppins",
                                "typography_font_size": {
                                    "unit": "px",
                                    "size": "30",
                                    "sizes": []
                                },
                                "typography_font_weight": "300",
                                "typography_line_height": {
                                    "unit": "px",
                                    "size": "46",
                                    "sizes": []
                                },
                                "typography_letter_spacing": {
                                    "unit": "px",
                                    "size": "0.5",
                                    "sizes": []
                                },
                                "_z_index": "5",
                                "typography_font_size_mobile": {
                                    "unit": "px",
                                    "size": "30",
                                    "sizes": []
                                },
                                "__globals__": {
                                    "title_color": ""
                                },
                                "align_mobile": "center"
                            },
                            "elements": [],
                            "isInner": false,
                            "widgetType": "heading",
                            "elType": "widget"
                        },
                        {
                            "id": "3aa57ac3",
                            "settings": {
                                "editor": "<p>Lorem ipsum dolor sit amet, consectetur adipisci elit, sed do eiusmod tempor incididunt ut labore et dolore magna aliqua.\u00a0<\/p>",
                                "typography_font_family": "Poppins",
                                "typography_font_size": {
                                    "unit": "px",
                                    "size": "14",
                                    "sizes": []
                                },
                                "typography_font_weight": "300",
                                "typography_line_height": {
                                    "unit": "px",
                                    "size": "26",
                                    "sizes": []
                                },
                                "typography_letter_spacing": {
                                    "unit": "px",
                                    "size": "0.5",
                                    "sizes": []
                                },
                                "_padding": {
                                    "unit": "em",
                                    "top": "",
                                    "right": "",
                                    "bottom": "",
                                    "left": "",
                                    "isLinked": "1"
                                },
                                "_padding_mobile": {
                                    "unit": "px",
                                    "top": "0",
                                    "right": "0",
                                    "bottom": "0",
                                    "left": "0",
                                    "isLinked": ""
                                },
                                "_margin_tablet": {
                                    "unit": "px",
                                    "top": "0",
                                    "right": "0",
                                    "bottom": "0",
                                    "left": "0",
                                    "isLinked": ""
                                },
                                "_padding_tablet": {
                                    "unit": "px",
                                    "top": "0",
                                    "right": "0",
                                    "bottom": "0",
                                    "left": "0",
                                    "isLinked": ""
                                },
                                "align_mobile": "center"
                            },
                            "elements": [],
                            "isInner": false,
                            "widgetType": "text-editor",
                            "elType": "widget"
                        },
                        {
                            "id": "3e13f672",
                            "settings": {
                                "text": "Buy Ticket",
                                "icon_align": "right",
                                "typography_font_family": "Poppins",
                                "typography_font_size": {
                                    "unit": "px",
                                    "size": "15",
                                    "sizes": []
                                },
                                "typography_font_weight": "400",
                                "typography_letter_spacing": {
                                    "unit": "px",
                                    "size": "0.5",
                                    "sizes": []
                                },
                                "border_radius": {
                                    "unit": "px",
                                    "top": "",
                                    "right": "",
                                    "bottom": "",
                                    "left": "",
                                    "isLinked": "1"
                                },
                                "button_box_shadow_box_shadow": {
                                    "horizontal": "0",
                                    "vertical": "10",
                                    "blur": "30",
                                    "spread": "0",
                                    "color": "rgba(68, 216, 240, 0.1)"
                                },
                                "align_mobile": "justify",
                                "align_tablet": "left",
                                "align": "left",
                                "hover_animation": "float",
                                "_z_index": "5"
                            },
                            "elements": [],
                            "isInner": false,
                            "widgetType": "button",
                            "elType": "widget"
                        }
                    ],
                    "isInner": "",
                    "elType": "column"
                },
                {
                    "id": "67e4022b",
                    "settings": {
                        "_column_size": "50",
                        "margin": {
                            "unit": "em",
                            "top": "",
                            "right": "",
                            "bottom": "",
                            "left": "",
                            "isLinked": "1"
                        },
                        "padding_mobile": {
                            "unit": "px",
                            "top": "0",
                            "right": "0",
                            "bottom": "0",
                            "left": "0",
                            "isLinked": ""
                        },
                        "_inline_size": "39.913",
                        "content_position": "center",
                        "margin_mobile": {
                            "unit": "em",
                            "top": "4",
                            "right": "0",
                            "bottom": "0",
                            "left": "0",
                            "isLinked": ""
                        },
                        "animation": "fadeInRight",
                        "animation_duration": "slow"
                    },
                    "elements": [
                        {
                            "id": "37aea0a8",
                            "settings": {
                                "selected_icon": {
                                    "value": "fas fa-map-marker-alt",
                                    "library": "fa-solid"
                                },
                                "view": "stacked",
                                "title_text": "Venue",
                                "description_text": "Garuda Wisnu Kencana Cultural Park, Jl. Raya Uluwatu,  Bali Indonesia",
                                "position": "left",
                                "title_size": "h4",
                                "icon_space": {
                                    "unit": "px",
                                    "size": "24",
                                    "sizes": []
                                },
                                "icon_size": {
                                    "unit": "px",
                                    "size": "24",
                                    "sizes": []
                                },
                                "icon_padding": {
                                    "unit": "px",
                                    "size": "14",
                                    "sizes": []
                                },
                                "__globals__": {
                                    "primary_color": "globals\/colors?id=accent",
                                    "secondary_color": "globals\/colors?id=secondary"
                                }
                            },
                            "elements": [],
                            "isInner": false,
                            "widgetType": "icon-box",
                            "elType": "widget"
                        },
                        {
                            "id": "64920492",
                            "settings": {
                                "selected_icon": {
                                    "value": "fas fa-envelope",
                                    "library": "fa-solid"
                                },
                                "view": "stacked",
                                "title_text": "Email",
                                "description_text": "Email: info@example.com\n",
                                "position": "left",
                                "title_size": "h4",
                                "icon_space": {
                                    "unit": "px",
                                    "size": "24",
                                    "sizes": []
                                },
                                "icon_size": {
                                    "unit": "px",
                                    "size": "24",
                                    "sizes": []
                                },
                                "icon_padding": {
                                    "unit": "px",
                                    "size": "14",
                                    "sizes": []
                                },
                                "__globals__": {
                                    "primary_color": "globals\/colors?id=accent",
                                    "secondary_color": "globals\/colors?id=secondary"
                                },
                                "_margin": {
                                    "unit": "em",
                                    "top": "2",
                                    "right": "0",
                                    "bottom": "0",
                                    "left": "0",
                                    "isLinked": ""
                                }
                            },
                            "elements": [],
                            "isInner": false,
                            "widgetType": "icon-box",
                            "elType": "widget"
                        },
                        {
                            "id": "7a20ba97",
                            "settings": {
                                "selected_icon": {
                                    "value": "fas fa-phone-alt",
                                    "library": "fa-solid"
                                },
                                "view": "stacked",
                                "title_text": "Contact",
                                "description_text": "Phone: +1234 5678 910",
                                "position": "left",
                                "title_size": "h4",
                                "icon_space": {
                                    "unit": "px",
                                    "size": "24",
                                    "sizes": []
                                },
                                "icon_size": {
                                    "unit": "px",
                                    "size": "24",
                                    "sizes": []
                                },
                                "icon_padding": {
                                    "unit": "px",
                                    "size": "14",
                                    "sizes": []
                                },
                                "__globals__": {
                                    "primary_color": "globals\/colors?id=accent",
                                    "secondary_color": "globals\/colors?id=secondary"
                                },
                                "_margin": {
                                    "unit": "em",
                                    "top": "2",
                                    "right": "0",
                                    "bottom": "0",
                                    "left": "0",
                                    "isLinked": ""
                                }
                            },
                            "elements": [],
                            "isInner": false,
                            "widgetType": "icon-box",
                            "elType": "widget"
                        }
                    ],
                    "isInner": "",
                    "elType": "column"
                }
            ],
            "isInner": "",
            "elType": "section"
        }
    ]
}