{
    "version": "0.4",
    "title": "Theme Builder \u2013 Header (Elementor Pro)",
    "type": "header",
    "metadata": {
        "template_type": "section-header",
        "include_in_zip": "1",
        "elementor_pro_required": "1",
        "elementor_library_type": "header",
        "elementor_pro_conditions": [
            "include\/general"
        ],
        "additional_template_information": [
            "This is a \"Header\" template for Elementor Pro.",
            "This template will display on: Entire Site."
        ],
        "wp_page_template": "default"
    },
    "content": [
        {
            "id": "6b59fe3",
            "settings": {
                "content_position": "middle",
                "structure": "20",
                "background_background": "classic",
                "padding": {
                    "unit": "em",
                    "top": "1",
                    "right": "0",
                    "bottom": "1",
                    "left": "0",
                    "isLinked": ""
                },
                "padding_mobile": {
                    "unit": "em",
                    "top": "",
                    "right": "",
                    "bottom": "",
                    "left": "",
                    "isLinked": "1"
                },
                "padding_tablet": {
                    "unit": "em",
                    "top": "1",
                    "right": "1",
                    "bottom": "1",
                    "left": "1",
                    "isLinked": "1"
                },
                "__globals__": {
                    "background_color": "globals\/colors?id=primary"
                }
            },
            "elements": [
                {
                    "id": "3cfa28af",
                    "settings": {
                        "_column_size": "50",
                        "_inline_size": "19.994",
                        "background_background": "classic",
                        "_inline_size_mobile": "75",
                        "padding_mobile": {
                            "unit": "px",
                            "top": "0",
                            "right": "0",
                            "bottom": "0",
                            "left": "0",
                            "isLinked": "1"
                        },
                        "_inline_size_tablet": "30"
                    },
                    "elements": [
                        {
                            "id": "46bb73f4",
                            "settings": {
                                "__dynamic__": {
                                    "image": "[elementor-tag id=\"\" name=\"site-logo\" settings=\"%7B%7D\"]",
                                    "link": "[elementor-tag id=\"\" name=\"site-url\" settings=\"%7B%7D\"]"
                                },
                                "align": "left",
                                "width": {
                                    "unit": "px",
                                    "size": 135,
                                    "sizes": []
                                },
                                "width_tablet": {
                                    "unit": "px",
                                    "size": "",
                                    "sizes": []
                                },
                                "width_mobile": {
                                    "unit": "px",
                                    "size": 110,
                                    "sizes": []
                                }
                            },
                            "elements": [],
                            "isInner": false,
                            "widgetType": "theme-site-logo",
                            "elType": "widget"
                        }
                    ],
                    "isInner": "",
                    "elType": "column"
                },
                {
                    "id": "6f4fb785",
                    "settings": {
                        "_column_size": "50",
                        "_inline_size": "80.006",
                        "_inline_size_mobile": "25",
                        "padding_mobile": {
                            "unit": "px",
                            "top": "0",
                            "right": "0",
                            "bottom": "0",
                            "left": "0",
                            "isLinked": "1"
                        },
                        "_inline_size_tablet": "70"
                    },
                    "elements": [
                        {
                            "id": "609183d6",
                            "settings": {
                                "align_items": "right",
                                "toggle_align": "right",
                                "menu_typography_font_family": "Cambay",
                                "menu_typography_font_size": {
                                    "unit": "px",
                                    "size": "14",
                                    "sizes": []
                                },
                                "menu_typography_font_weight": "bold",
                                "menu_typography_text_transform": "uppercase",
                                "menu_typography_letter_spacing": {
                                    "unit": "px",
                                    "size": "1",
                                    "sizes": []
                                },
                                "color_menu_item": "#FFFFFF",
                                "color_menu_item_hover": "#108AEE",
                                "pointer_color_menu_item_hover": "#108AEE",
                                "dropdown_typography_font_family": "Cambay",
                                "dropdown_typography_font_size": {
                                    "unit": "px",
                                    "size": "14",
                                    "sizes": []
                                },
                                "dropdown_typography_font_weight": "normal",
                                "color_dropdown_item_hover": "#108AEE",
                                "full_width": "stretch",
                                "toggle_color_hover": "#465FFF",
                                "toggle_size": {
                                    "unit": "px",
                                    "size": "28",
                                    "sizes": []
                                },
                                "indicator": "angle",
                                "submenu_icon": {
                                    "value": "fas fa-chevron-down",
                                    "library": "fa-solid"
                                },
                                "color_menu_item_active": "#108AEE",
                                "pointer_color_menu_item_active": "#108AEE",
                                "padding_horizontal_menu_item": {
                                    "unit": "px",
                                    "size": "32",
                                    "sizes": []
                                },
                                "color_dropdown_item": "#E5E5E5",
                                "background_color_dropdown_item": "#091F4C",
                                "color_dropdown_item_active": "#108AEE",
                                "__globals__": {
                                    "color_menu_item": "globals\/colors?id=447a69f",
                                    "color_menu_item_hover": "globals\/colors?id=secondary",
                                    "pointer_color_menu_item_hover": "globals\/colors?id=secondary",
                                    "color_menu_item_active": "globals\/colors?id=secondary",
                                    "pointer_color_menu_item_active": "globals\/colors?id=secondary",
                                    "background_color_dropdown_item_hover": "globals\/colors?id=accent",
                                    "color_dropdown_item_hover": "globals\/colors?id=secondary",
                                    "background_color_dropdown_item": "globals\/colors?id=accent",
                                    "color_dropdown_item": "globals\/colors?id=text",
                                    "color_dropdown_item_active": "globals\/colors?id=secondary",
                                    "background_color_dropdown_item_active": "globals\/colors?id=accent",
                                    "toggle_color": "globals\/colors?id=secondary",
                                    "toggle_background_color": "globals\/colors?id=primary"
                                }
                            },
                            "elements": [],
                            "isInner": false,
                            "widgetType": "nav-menu",
                            "elType": "widget"
                        }
                    ],
                    "isInner": "",
                    "elType": "column"
                }
            ],
            "isInner": "",
            "elType": "section"
        }
    ]
}